Locality,,1980,1981,1982,1983,1984,1985,1986,1987,1988,1989,1990,1991,1992,1993,1994,1995,1996,1997,1998,1999,2000,2001,2002,2003,2004,2005,2006,2007,2008,2009,2010,2011
North America,,1,16.51061,15.57316,15.21221,15.84003,15.64556,15.39713,15.74306,16.26736,16.37593,16.04463,15.70532,15.78621,15.82039,15.87405,15.81188,16.14103,16.22374,16.19086,16.17518,16.50336,16.03263,15.99167,16.05957,NA,NA,NA,15.93544,15.35355,14.1657,14.404,14.10799
Bermuda,,9.6974,8.37118,8.85151,9.29215,9.01366,8.81971,8.92133,12.47242,13.55089,16.40115,11.37762,9.4342,7.64124,8.85924,8.59873,8.49222,8.56713,8.48576,8.41177,8.34072,8.2704,8.17266,8.12408,8.66772,9.28157,9.84555,9.67819,11.22069,11.13345,10.48889,10.43019,8.62277
Canada,,18.60054,17.75447,16.79528,16.13133,16.87116,17.10267,16.3265,16.76957,17.77489,17.99047,16.93331,16.56568,16.98995,16.7669,16.88751,17.1346,17.31778,17.98046,17.97942,18.37695,18.43347,17.90751,17.93751,18.72113,19.03129,18.82256,18.28049,17.90028,17.28987,16.27159,16.23014,16.20857
Greenland,,NA,NA,NA,NA,NA,NA,NA,NA,NA,NA,NA,NA,9.0146,9.29094,9.32872,9.2829,9.39577,9.56573,9.68576,9.67158,9.86254,10.0996,10.16945,10.19238,10.30623,10.42523,10.67161,10.42658,11.14759,11.24774,17.3671,10.67457
Mexico,,3.51635,3.80899,3.93829,3.55474,3.71789,3.65645,3.41004,3.46567,3.38525,3.48789,3.55841,3.58202,3.55632,3.53014,3.68294,3.46008,3.52397,3.64357,3.81513,3.68481,3.83178,3.74878,3.69907,3.74052,3.60164,3.74571,3.89624,4.08709,4.11798,3.78668,3.85905,3.92377
Saint Pierre and Miquelon,,24.5576,24.51945,22.23747,24.37603,23.54279,20.57802,27.77706,35.66011,37.09328,42.10084,41.267,39.14101,36.51928,19.92168,20.36869,13.40412,13.39367,9.41103,10.88418,10.8791,11.90201,10.97458,11.0439,12.12719,13.22927,13.33118,13.95285,14.61311,15.14135,14.84191,15.52454,15.56646
United States,,21.0169,20.25038,19.03965,18.77136,19.58841,19.35652,19.21265,19.69083,20.41053,20.54929,20.19355,19.7552,19.85596,19.96162,19.99587,19.97591,20.43421,20.45645,20.36231,20.34947,20.78149,20.19359,20.16045,20.17416,20.40395,20.30052,19.8525,19.99828,19.2064,17.6998,18.03902,17.59741
Central & South America,,1,2.08654,2.01608,1.91619,1.96023,1.93005,2.03211,2.04147,2.03058,2.04439,2.00701,2.03199,2.0109,2.08391,2.12216,2.20449,2.28502,2.36453,2.39156,2.36702,2.36717,2.38785,2.33557,2.34292,NA,NA,NA,2.55407,2.63641,2.55981,2.77267,2.79546
Antarctica,,NA,NA,NA,NA,NA,NA,NA,NA,NA,NA,NA,NA,NA,NA,NA,NA,NA,NA,NA,NA,NA,NA,NA,NA,NA,NA,NA,NA,NA,NA,NA,NA
Antigua and Barbuda,,5.94316,5.31906,7.15048,4.38845,5.00807,4.79425,5.01134,6.07718,6.13858,6.27569,6.58786,6.47919,6.42595,6.65209,6.8676,6.9265,6.79138,6.92679,6.79916,6.68572,6.78053,6.67918,6.59742,6.90701,7.39117,7.95871,7.95271,7.56368,7.79643,7.78122,8.32592,6.67278
Argentina,,3.27237,3.12587,3.28846,3.29651,3.43425,3.17729,3.324,3.48172,3.47855,3.45419,3.10762,3.24887,3.23571,3.48338,3.34391,3.39605,3.64627,3.60965,3.72575,3.79381,3.70631,3.40475,3.18886,3.4996,3.6356,3.87593,3.97031,4.20731,4.21006,4.14192,4.55757,4.65912
Aruba,,--,--,--,--,--,--,1.80473,1.82385,7.07877,9.17808,9.42537,9.55312,9.87176,9.49991,9.63367,10.91431,6.90875,10.6046,10.45293,10.32938,10.64226,10.52731,10.39058,10.85076,10.77037,10.81185,11.47427,10.47241,10.55948,10.08921,10.08551,8.44798
"Bahamas, The",,19.02207,19.98432,16.67081,12.27903,10.92985,9.7546,10.43167,11.40621,10.28607,11.63527,12.19418,10.35129,8.75784,9.01609,10.25238,11.98909,13.30685,12.99221,14.656,12.97048,12.38918,11.98369,11.85426,14.36936,14.45515,16.56251,16.38789,15.43739,16.66055,11.71529,11.61905,11.62832
Barbados,,3.84208,4.0716,4.03003,4.23125,4.05897,4.45646,5.01528,4.71686,4.46331,4.78146,4.96294,4.97988,5.10179,5.10153,4.77133,4.99114,3.91022,5.34821,5.43988,5.55033,6.23282,5.99957,5.97255,6.05622,4.15166,5.45823,5.2921,4.86366,5.26249,5.30649,4.94272,5.03252
Belize,,1.56146,1.38365,1.25842,1.24211,1.31441,1.27635,1.53585,1.18354,0.83188,1.17308,1.64069,1.78661,1.51376,1.4591,1.34637,1.51644,1.21625,1.9182,1.8667,1.84392,2.66016,3.39037,3.09191,3.16762,3.29896,3.43529,3.36187,3.4914,3.44883,1.5222,1.49356,1.47183
Bolivia,,0.82019,0.83896,0.72258,0.78258,0.72882,0.63772,0.6361,0.60564,0.66483,0.74719,0.7709,0.73197,0.90492,0.95668,1.12927,1.03809,0.96723,1.03488,0.96219,1.08942,1.1295,0.96069,1.09671,1.34183,1.31872,1.27421,1.38448,1.37534,1.45843,1.33037,1.36336,1.42842
Brazil,,1.5336,1.41349,1.36143,1.26171,1.36203,1.41941,1.5348,1.55044,1.53686,1.54474,1.58847,1.61697,1.53696,1.64347,1.68755,1.78546,1.86582,1.95066,1.91418,1.9539,1.97592,1.97133,1.93422,1.91069,1.93513,1.99309,2.04033,2.10957,2.22453,2.09754,2.35585,2.412
Cayman Islands,,5.72532,5.89228,5.69716,5.37252,5.28521,5.21491,5.13294,4.94654,10.85429,10.7642,10.41131,10.70764,10.54926,9.54509,9.96869,10.39705,10.10006,9.75481,9.60732,9.3009,8.93199,8.74486,8.49279,8.55639,8.94678,9.17614,10.1595,11.31784,10.14521,11.27983,11.09383,10.45929
Chile,,2.17633,2.09084,1.7387,1.71924,1.758,1.69516,1.61625,1.66058,1.91706,2.3224,2.44931,2.3033,2.3389,2.43359,2.6338,2.83304,3.15973,3.6879,3.66825,3.96769,3.60081,3.52404,3.40876,3.62206,3.88989,4.06317,4.26706,3.74731,3.98055,4.36752,4.63337,4.64052
Colombia,,1.48915,1.5055,1.50096,1.50871,1.56864,1.52123,1.48403,1.37289,1.48511,1.46691,1.24972,1.41413,1.55402,1.56487,1.50009,1.47857,1.53343,1.66919,1.68752,1.49719,1.49705,1.45073,1.392,1.41538,1.3645,1.44862,1.45235,1.41936,1.46355,1.45326,1.50342,1.57816
Costa Rica,,0.98627,0.95979,0.87438,0.90343,0.76864,0.78864,0.73201,0.82795,0.9453,0.97833,0.90599,0.93539,1.1504,1.22073,1.20398,1.36902,1.26389,1.23472,1.34653,1.35144,1.28913,1.32006,1.34008,1.45516,1.3778,1.35984,1.55397,1.67029,1.62408,1.55524,1.55931,1.45753
Cuba,,3.10176,3.14068,3.37612,3.05382,3.13998,3.17874,3.44794,3.37023,3.40697,3.48694,3.36744,3.06789,2.70316,2.66362,2.6969,2.84337,2.77633,3.06763,2.97095,3.0211,2.96794,2.99509,3.06433,2.97691,2.96053,2.55288,2.25387,2.36102,2.61236,2.63331,2.5266,2.51431
Dominica,,0.36258,0.4758,0.47444,0.47088,0.47315,0.5459,0.55569,0.60391,0.77771,0.83138,0.83589,0.83356,0.8408,0.88385,1.0128,1.13426,1.14359,1.15474,1.20358,1.19833,1.12373,1.43004,1.55716,1.6847,1.50195,1.28111,1.62747,1.67526,1.75263,1.78443,1.78523,1.93159
Dominican Republic,,0.95408,0.89592,0.93507,1.1047,0.94723,1.03915,1.05365,1.21366,1.25825,1.17417,1.27918,1.27639,1.40427,1.22599,1.29652,1.4203,1.47051,1.522,1.54934,1.72495,1.86537,1.92566,1.95725,2.19689,2.00559,1.90288,1.97498,2.02477,2.0216,1.87063,1.89746,2.07933
Ecuador,,1.61408,1.65081,1.74257,1.50267,1.45099,1.49296,1.58899,1.4244,1.4954,1.38615,1.46225,1.52211,1.74277,1.54528,1.63444,1.71204,1.71203,1.70919,1.78021,1.59472,1.61345,1.70401,1.69369,1.71559,1.76003,1.80456,1.90782,1.87564,1.88905,2.08691,2.36901,2.31433
El Salvador,,0.43587,0.38243,0.36857,0.40403,0.40236,0.41461,0.45958,0.44523,0.46911,0.44307,0.46787,0.52972,0.60923,0.60626,0.67177,0.84874,0.7891,0.83105,0.95966,0.94704,0.94177,0.96914,0.97703,1.02692,1.01487,1.04271,1.04419,1.05727,0.98758,0.98373,0.98038,1.04576
Falkland Islands (Islas Malvinas),,5.84,5.755,5.755,5.755,5.77,7.21,7.99,7.99,15.855,14.165,12.595,12.595,12.72,12.72,12.725,14.305,15.89,14.38683,11,10.21429,10.03509,9.8791,10.84642,10.69697,11.80135,12.83838,13.90236,16.05387,14.57962,15.17177,15.17961,14.51254
French Guiana,,4.99871,4.318,5.49129,4.88237,3.89863,3.48756,4.27322,4.336,4.67418,5.24264,5.70767,6.45425,4.86546,6.68315,6.20607,6.45587,6.45453,6.05075,5.78871,5.64399,5.5746,5.43516,5.42577,5.52319,5.25247,5.22677,5.35859,5.0277,4.82233,3.66774,4.2872,4.54429
Grenada,,0.5073,0.5689,0.63064,0.60869,0.6293,0.63981,0.74128,0.75576,0.82144,0.85459,1.30769,1.30821,1.34667,1.46338,1.69437,1.57904,1.69806,2.11273,1.89899,1.88771,1.1619,1.96571,2.27063,2.30497,2.3281,2.36921,2.47543,2.46848,2.69232,2.52548,2.50744,2.51279
Guadeloupe,,1.44003,2.02947,2.56088,2.66188,2.8944,2.61667,2.61832,3.01355,3.27501,3.51174,3.69785,3.77548,3.44547,3.98258,4.06253,4.13313,4.067,4.08317,4.04861,4.01529,4.19329,4.22179,4.26029,4.38526,4.47993,4.62812,4.84056,5.42405,5.10438,4.57358,4.54064,4.62529
Guatemala,,0.62502,0.5289,0.50574,0.5096,0.43573,0.47771,0.41278,0.39699,0.41271,0.4102,0.42207,0.38798,0.46494,0.50337,0.55659,0.60579,0.61501,0.66265,0.79228,0.7971,0.81729,0.88684,0.89233,0.88628,0.89062,0.91021,0.89365,0.92158,0.84014,0.88356,0.79462,0.90572
Guyana,,1.87196,2.15173,1.73374,1.53628,1.75429,1.77393,1.82977,1.38875,1.37436,0.90708,0.87293,1.03002,1.14872,1.50556,1.50361,1.26099,1.34623,1.46623,1.8579,1.96269,2.14541,2.20152,2.24527,2.19166,1.97106,2.17759,2.07431,2.08556,2.00557,2.18103,2.1865,2.25554
Haiti,,0.15427,0.10071,0.13997,0.122,0.12156,0.13649,0.13029,0.20154,0.21854,0.18769,0.10933,0.11413,0.12487,0.08591,0.073,0.12389,0.14386,0.18266,0.16527,0.17956,0.18045,0.1927,0.19595,0.19166,0.19321,0.1911,0.19276,0.20927,0.20807,0.23005,0.22068,0.21499
Honduras,,0.49899,0.42637,0.41827,0.43126,0.4232,0.38517,0.40954,0.3911,0.43389,0.50963,0.56888,0.54032,0.53886,0.5202,0.55712,0.62514,0.68148,0.65109,0.72131,0.7858,0.72062,0.81406,0.89072,0.8745,0.99734,1.01112,1.01339,1.09908,1.03082,0.9205,0.94283,0.98622
Jamaica,,3.49488,2.96495,2.46121,2.60668,2.16488,1.93917,2.09383,2.24465,2.62096,3.02048,3.21155,3.31822,3.58225,3.58666,3.63938,4.03462,4.02957,4.16143,4.25542,4.33323,4.14003,4.12887,4.1851,4.30626,4.28204,4.10725,4.56005,4.75712,4.47688,3.28616,2.84743,3.35296
Martinique,,1.94653,1.93072,1.91213,1.86692,1.64282,1.97924,2.20991,2.46539,2.9356,4.09625,4.36377,3.59156,4.03071,5.4847,5.36173,5.43171,5.41419,5.37068,5.34351,5.30862,5.34177,5.31126,5.34317,5.54708,5.70028,5.97021,5.98468,6.1717,6.10326,6.61744,6.58924,6.83269
Montserrat,,1.43415,1.64334,1.66095,1.67561,1.69551,1.85287,1.96698,2.27113,2.58364,2.61314,3.52256,3.26796,3.94188,3.97655,4.00542,4.6455,5.5996,8.01176,15.03401,15.04737,13.67249,12.74357,11.23285,13.44021,13.44147,15.42826,16.48649,18.39982,18.23495,16.32816,16.3067,17.12307
Netherlands Antilles,,68.77983,63.08354,59.63223,54.51982,51.03186,42.60078,54.76878,55.95672,50.7888,52.38209,51.61542,48.42983,49.73833,47.55788,49.02765,57.35492,56.69994,59.20945,58.36403,56.28512,55.27312,55.15693,50.33452,49.80109,49.89723,49.13978,54.02841,48.40131,47.0003,53.75608,54.33684,52.73025
Nicaragua,,0.65736,0.6586,0.64221,0.59778,0.55794,0.62023,0.64578,0.62839,0.62167,0.60268,0.55212,0.50151,0.5853,0.55397,0.58793,0.63074,0.64985,0.65651,0.73948,0.78292,0.76098,0.7966,0.80471,0.80386,0.85171,0.87266,0.89126,0.87109,0.82228,0.81085,0.79716,0.85103
Panama,,2.75312,2.62137,2.32079,2.41078,2.30674,1.66492,5.09507,5.19601,4.9111,4.74845,4.92959,4.84768,4.91515,4.74088,5.23154,5.47679,4.61685,4.65627,4.9974,4.58682,4.46195,4.55764,4.22224,4.1302,4.55927,4.69687,4.63962,4.6542,4.5268,4.72314,5.54627,4.96563
Paraguay,,0.437,0.39202,0.3744,0.38451,0.40809,0.40149,0.40696,0.50067,0.43518,0.56604,0.52298,0.46808,0.52309,0.54021,0.61753,0.69205,0.54483,0.58211,0.64878,0.71764,0.65717,0.62525,0.63938,0.65182,0.64384,0.62275,0.61205,0.61061,0.61701,0.65082,0.69838,0.61847
Peru,,1.26219,1.28273,1.43935,1.29383,1.20237,1.17783,1.28661,1.21635,1.19844,1.01427,0.93185,0.85743,0.89541,0.96913,0.99161,1.03634,1.05882,1.02714,1.03798,1.04682,1.04348,0.99818,0.98846,0.9875,1.09025,1.14033,1.21773,1.20276,1.28005,1.29316,1.53605,1.44334
Puerto Rico,,8.99735,9.58028,6.92049,6.65917,7.27602,6.22993,6.72902,6.9941,6.21873,5.83489,5.71835,6.74346,6.51094,6.77118,6.92072,6.59102,6.50093,6.64193,7.27564,6.93149,7.27328,9.0451,9.2122,9.78716,9.98207,9.88973,9.95122,9.03315,9.13906,7.75124,7.44114,7.21876
Saint Kitts and Nevis,,1.15995,1.22781,1.42017,1.16748,1.17295,1.17421,1.25231,1.33366,1.56668,1.57744,1.58717,1.82453,1.83713,2.04146,2.38846,2.13971,2.40581,2.37893,2.34963,2.32235,2.29576,2.26942,2.24547,2.49284,2.73959,2.85091,3.75021,5.29811,5.56701,5.45751,5.13697,5.42578
Saint Lucia,,0.91291,0.70793,0.84292,0.76235,0.75295,0.92416,0.93223,0.99411,1.23805,1.2288,1.21786,1.20276,1.24489,1.2065,1.33495,1.33785,1.32211,1.37194,1.35954,1.34978,2.16879,2.25641,2.28511,2.48763,2.35891,2.38773,2.38807,2.57706,2.69963,2.57524,2.69179,2.59339
Saint Vincent/Grenadines,,0.38649,0.35262,0.3778,0.37238,0.34025,0.38323,0.37943,0.40561,0.4838,0.71186,0.72748,0.70071,0.76573,0.70428,1.12116,1.15395,1.15365,1.22957,1.51,1.51399,1.54662,1.57985,1.6593,1.73902,1.8521,1.87273,1.81965,1.86246,2.15508,1.86934,1.93337,1.9317
Suriname,,5.90784,5.00245,4.33926,3.07302,2.52554,3.15573,3.29775,2.88325,2.73138,2.88747,3.62166,3.56755,3.42314,3.55336,3.51608,3.53209,3.45247,3.46136,3.43154,3.36896,3.46818,3.59565,3.72367,3.75516,3.85423,3.91405,3.96511,3.83174,3.68515,3.81049,4.97972,3.95455
Trinidad and Tobago,,9.68178,9.12103,8.76059,13.11493,13.73458,15.01674,13.88898,13.85884,13.89637,13.96829,14.48805,14.76717,13.77475,15.23892,17.18617,17.89575,19.1731,20.3983,20.30351,20.93014,21.97729,24.02612,24.79294,23.96865,26.27311,31.73713,38.23321,37.8348,40.24586,38.88591,43.00937,42.49755
Turks and Caicos Islands,,NA,NA,NA,NA,NA,NA,NA,NA,NA,NA,NA,NA,NA,NA,NA,NA,NA,NA,NA,NA,NA,0.82167,0.59983,0.56021,0.51461,0.46539,0.4048,2.15594,2.06715,4.03319,4.53224,3.58356
Uruguay,,1.96573,1.76209,1.65771,1.30265,1.22813,1.14288,1.13796,1.30733,1.54267,1.59044,1.45827,1.36873,1.45381,1.5841,1.48492,1.48038,1.5637,1.64296,2.00347,2.26554,2.02471,1.53126,1.65661,1.71047,1.8533,1.92576,2.25309,2.14492,2.43472,2.75092,2.47929,2.53043
Venezuela,,6.38312,6.69457,6.5046,5.97439,5.81113,5.67144,5.97862,5.90215,5.66218,5.73017,5.67793,5.63289,5.5182,5.48736,5.65209,5.77326,6.06932,6.03526,6.25413,5.56124,5.72298,6.23622,6.06399,5.44478,5.75722,5.77296,5.87143,5.86662,6.12514,5.87584,6.32693,6.19198
"Virgin Islands,  U.S.",,170.01335,151.59334,109.92755,77.13945,89.50239,100.44819,65.98808,78.68376,52.0905,76.88018,71.68126,75.99151,78.9164,78.77505,77.91819,79.31139,78.87388,76.50233,80.57336,81.76629,90.53988,125.81145,120.66511,134.88652,163.62649,144.8226,153.98747,137.28122,120.77588,142.54759,135.99072,130.01637
"Virgin Islands, British",,2.01582,3.06251,2.93327,2.85272,2.5224,2.48426,2.77089,3.12575,3.23161,3.32761,3.2114,3.09749,3.1846,3.05948,2.94457,2.83646,3.05978,2.95407,2.85633,2.76741,2.68248,2.60225,2.53133,2.85481,3.53819,3.68433,3.81106,4.04807,4.19754,3.93577,5.96955,3.86834
Europe,,1,8.4473,8.25044,8.16817,8.23244,8.38255,8.41862,8.46846,8.31901,8.37002,8.14947,7.94462,7.66302,7.60241,7.46864,7.56252,7.77641,7.76572,7.72114,7.60001,7.67839,7.73525,7.66425,7.83117,NA,NA,NA,7.75046,7.58631,7.05822,7.20958,7.12006
Albania,,3.31607,3.2559,3.17534,3.2035,3.18732,3.1482,3.0885,2.86533,2.91952,2.56758,1.87206,1.37999,1.23047,0.92017,0.72609,0.74193,0.61394,0.59617,0.71467,0.92401,1.03284,1.14144,1.21248,1.37395,1.42854,1.52838,1.51401,1.46659,1.46519,0.94408,1.27174,1.36126
Austria,,7.39585,7.20309,6.7481,6.76093,7.19617,7.28446,7.11375,7.2522,6.93313,6.93096,7.21331,7.69998,7.19409,7.30688,7.19825,7.36463,8.05273,7.97252,8.32194,7.9996,7.8683,8.32811,8.67182,9.07955,9.24087,9.58495,9.12124,8.67022,8.52987,7.94911,8.52625,8.43828
Belgium,,13.482,13.64762,12.79376,11.35207,11.78556,11.84329,12.04619,11.96626,11.67045,12.12416,12.3354,12.74992,12.22156,12.33283,13.3747,14.01352,14.15816,14.48013,15.06563,14.18149,14.49317,14.75323,13.97066,14.77513,15.14226,14.84945,14.02909,13.74259,14.75716,12.93526,13.73996,13.43295
Bosnia and Herzegovina,,--,--,--,--,--,--,--,--,--,--,--,--,4.59449,3.9776,1.37914,2.49629,1.26864,2.64332,3.25569,3.14062,3.97494,3.86732,4.1581,4.19749,4.42184,4.75531,4.9059,4.79542,5.41626,5.55138,5.92087,7.08528
Bulgaria,,10.01366,9.74583,10.05154,10.04005,10.12023,10.34503,10.81777,10.71813,10.27826,9.42245,8.56625,6.47479,6.65154,6.1655,6.10822,6.30806,6.56645,6.70479,6.25485,5.66492,6.27048,6.76747,6.26015,6.80763,6.79973,7.01343,7.16343,7.08729,6.96906,6.20966,6.4384,7.41016
Croatia,,--,--,--,--,--,--,--,--,--,--,--,--,3.68988,3.77675,3.94131,4.08002,3.90611,4.20858,4.49405,4.559,4.55757,4.5597,4.70705,4.97771,4.81861,4.66628,4.98147,4.81237,4.8406,4.46531,4.22781,3.97683
Cyprus,,4.4891,3.82263,4.03263,4.38144,4.459,4.72104,5.16471,5.71907,5.62992,6.71444,6.82934,6.69581,7.6561,7.5933,8.32191,7.99387,7.78837,7.68523,8.12981,8.71053,8.1893,8.78601,8.55877,8.40618,8.70915,8.73946,9.08253,8.94837,9.20739,8.50457,8.08429,7.79205
Czech Republic,,--,--,--,--,--,--,--,--,--,--,--,--,--,11.30997,10.67112,10.75281,11.30173,9.64831,9.20735,8.32788,9.21072,9.31305,9.02289,9.11067,8.81218,9.91493,10.13149,10.12298,9.69587,9.01871,9.36982,9.25921
Denmark,,12.68137,11.77563,10.83229,10.0662,10.65881,12.39188,12.66344,12.53684,11.53559,11.52023,11.1083,12.44624,11.85062,11.40609,12.43219,13.2271,13.77326,14.13452,11.32485,10.82376,10.21049,10.46428,9.88694,11.43736,10.40229,9.54806,10.92784,10.17409,9.46382,8.8778,8.99061,8.19344
Faroe Islands,,NA,NA,NA,NA,NA,NA,NA,NA,NA,NA,NA,NA,12.83068,13.30324,13.95448,14.95831,15.35375,15.22407,14.83662,14.65411,14.71459,14.46362,14.23219,14.18422,14.25947,14.34368,16.28016,14.66188,14.377,14.8327,14.92674,15.6764
Finland,,11.5786,10.85265,9.70954,9.10688,8.76623,9.54808,10.23872,10.32539,9.95085,10.41799,10.67492,10.22244,9.81705,10.3464,11.40486,9.76508,10.36089,10.49085,9.74612,9.29916,9.69746,10.2503,10.31396,12.80803,11.78702,9.94057,11.62063,11.40236,10.2232,9.70232,10.90107,9.81307
Former Czechoslovakia,,13.67585,13.53664,13.44766,13.5454,13.86761,13.65242,13.39787,13.64745,13.19904,12.98298,12.611,11.07516,10.26439,--,--,--,--,--,--,--,--,--,--,--,--,--,--,--,--,--,--,--
Former Serbia and Montenegro,,--,--,--,--,--,--,--,--,--,--,--,--,4.44311,3.79095,3.65919,2.9654,4.78391,4.8837,5.1852,3.98953,4.58586,4.76002,5.27458,5.65143,5.73992,5.45831,--,--,--,--,--,--
Former Yugoslavia,,4.86622,5.2615,5.36517,5.57713,6.44538,6.70424,6.57487,6.63035,6.69735,6.69249,6.54719,5.82987,--,--,--,--,--,--,--,--,--,--,--,--,--,--,--,--,--,--,--,--
France,,8.86311,8.00166,7.59215,7.2964,7.01021,7.01472,6.38779,6.22794,5.93584,6.3068,6.31154,6.70239,6.4808,6.21861,6.06649,6.22736,6.4974,6.36337,6.75162,6.61797,6.557,6.58436,6.48328,6.55386,6.55591,6.56469,6.46789,6.64842,6.56429,5.98286,5.93755,5.73271
Germany,,--,--,--,--,--,--,--,--,--,--,--,11.61417,11.10517,11.00592,10.75168,10.90973,10.87177,10.82408,10.60551,10.22098,10.39936,10.66541,10.37287,10.31097,10.28795,10.11159,10.16997,9.87778,9.90194,9.26441,9.7613,9.62759
"Germany, East",,17.75595,17.77937,17.96471,17.70123,18.65271,19.61831,19.25591,19.42521,19.47361,19.01409,18.00073,--,--,--,--,--,--,--,--,--,--,--,--,--,--,--,--,--,--,--,--,--
"Germany, West",,12.36376,11.71366,11.33337,11.37357,11.64624,11.2978,11.77799,11.52949,11.34881,10.87864,11.05852,--,--,--,--,--,--,--,--,--,--,--,--,--,--,--,--,--,--,--,--,--
Gibraltar,,16.95667,18.72481,16.91382,13.6024,12.6524,28.679,49.38151,49.26578,62.63929,52.92491,57.41773,61.34078,110.16091,118.05908,120.60276,120.88284,121.31942,121.03829,139.00082,121.28569,267.50568,141.5797,142.8616,146.23813,150.83536,153.79602,157.11232,161.5519,158.54744,168.90698,307.51572,164.16423
Greece,,5.38978,5.40321,5.22546,5.53481,5.6492,6.10904,6.40024,6.98984,7.49263,7.78736,8.04553,7.94246,7.70774,8.0223,8.12365,8.20864,8.27581,8.68107,9.21919,9.07727,9.59244,9.74535,9.65631,9.99294,9.87644,9.87305,9.89179,10.22456,9.88932,9.29708,8.70187,8.55788
Hungary,,7.84589,7.74913,7.7463,7.61975,7.70697,7.81655,7.2707,7.2473,6.93243,6.86072,6.40507,6.33195,5.85154,5.6848,5.66864,5.60949,5.77814,5.74405,5.66246,5.72698,5.45483,5.66398,5.68135,5.90563,5.76314,5.91578,5.88678,5.66457,5.58995,5.18653,5.25487,5.22968
Iceland,,7.2242,6.74154,6.64962,6.82788,7.05877,7.64272,8.07216,8.31901,8.49819,8.95286,9.26666,8.63677,8.95172,9.39131,9.57374,9.2801,10.36859,10.41855,11.0029,10.74127,11.29565,10.6658,11.00243,10.95269,11.2846,11.17907,11.37887,12.67498,12.20816,10.81947,12.33021,11.5419
Ireland,,6.30358,5.99192,5.7963,5.57581,5.41392,5.65282,6.70517,6.89668,6.63477,7.02945,7.33547,7.59538,7.75263,7.86691,8.16376,8.39248,8.76335,9.18601,9.84804,10.29156,10.81672,11.20221,10.74782,10.45463,10.6233,10.57528,10.64636,10.29814,9.93195,8.49815,8.55979,7.75152
Italy,,6.58602,6.47298,6.285,6.11645,6.18599,6.44837,6.54979,6.90942,7.00108,7.27365,7.3247,7.34276,7.29412,7.22061,7.05857,7.53012,7.37819,7.37623,7.65937,7.64248,7.74827,7.67821,7.77983,8.09489,7.98633,7.99294,7.88701,7.70676,7.48442,6.74197,6.91059,6.74506
Kosovo,,NA,NA,NA,NA,NA,NA,NA,NA,NA,NA,NA,NA,NA,NA,NA,NA,NA,NA,NA,NA,NA,NA,NA,NA,NA,NA,NA,NA,3.50368,4.00818,5.14537,4.13963
Luxembourg,,31.94798,27.52786,25.74064,24.16313,26.63265,26.64201,26.33031,24.73925,25.7307,27.50333,27.95276,29.30585,28.61115,29.877,27.15668,21.69133,21.71704,20.51231,18.7797,19.66566,20.56205,21.53881,23.09054,24.04501,26.57912,26.9284,26.24788,25.28934,24.61103,23.25607,24.32618,23.10506
Macedonia,,--,--,--,--,--,--,--,--,--,--,--,--,4.93849,5.11163,4.64081,4.76368,5.02155,4.94879,5.43683,4.95836,4.17819,4.10561,3.99891,4.09713,4.05921,4.04412,3.96673,4.05215,4.35727,4.07022,3.86497,4.18193
Malta,,3.45857,3.78464,4.15426,3.10707,4.50855,3.96104,4.66954,5.18046,5.88233,6.36192,6.60483,6.59139,6.47985,7.48678,7.36196,6.67193,6.87461,7.27993,7.51844,8.52444,7.47317,6.30485,7.45936,7.40104,7.51519,7.73906,7.35179,7.72527,7.87288,16.49286,19.74146,18.41715
Montenegro,,--,--,--,--,--,--,--,--,--,--,--,--,--,--,--,--,--,--,--,--,--,--,--,--,--,--,2.56163,2.36114,3.18166,2.30581,4.12695,25.5441
Netherlands,,14.20651,13.55573,12.68327,12.10798,12.74186,13.18176,13.39224,13.67161,13.79677,13.66892,14.10646,14.49523,13.98597,14.52844,14.42491,14.38416,14.67083,15.24058,15.11675,14.8947,15.47027,16.30616,15.74396,15.88543,16.26311,15.40224,15.24049,14.27448,13.98695,13.51882,14.13734,14.39552
Norway,,8.21651,7.59976,6.974,7.131,7.41374,8.16974,8.75262,8.23842,8.08368,8.52012,8.1999,7.59315,8.32214,7.9199,8.32241,8.68629,9.0938,9.47702,9.47293,9.87535,9.16332,9.19557,9.35028,9.97963,10.51896,9.15708,8.90162,9.1098,8.61857,9.59481,9.31872,8.87731
Poland,,12.05649,10.76845,10.77002,10.69425,11.07709,11.33738,11.40609,11.6814,11.35167,10.87123,8.7564,8.61125,8.5424,8.80331,8.34938,7.98326,8.91611,8.70671,8.11643,8.44249,7.56875,7.153,7.13438,7.3774,7.57341,7.45861,7.75883,7.68334,7.6544,7.44409,7.91935,8.01486
Portugal,,2.40986,2.14115,2.78242,2.84032,2.7376,2.95113,3.16914,3.28616,3.42949,4.33402,4.42571,4.47093,4.79419,4.59885,4.63841,5.04944,4.79421,5.16397,5.49545,6.16932,6.14773,5.88336,6.32429,5.90285,6.02301,6.25271,5.68175,5.55365,5.25794,5.33252,4.95742,4.94078
Romania,,7.72248,7.80065,8.02587,8.31237,8.05562,8.11395,8.31131,8.48836,8.36881,8.6137,7.7014,5.94333,5.69514,5.40969,5.14387,5.44953,5.59359,5.33392,4.46654,4.05653,4.15539,4.55054,4.47072,4.46988,4.50837,4.37612,4.48289,4.36448,4.2553,3.68755,3.55675,4.08505
Serbia,,--,--,--,--,--,--,--,--,--,--,--,--,--,--,--,--,--,--,--,--,--,--,--,--,--,--,6.41085,6.14584,6.95576,6.73944,6.7095,6.00176
Slovakia,,--,--,--,--,--,--,--,--,--,--,--,--,--,8.05214,7.51919,7.94014,8.1627,7.70549,7.1812,6.90399,6.74017,7.33106,7.22855,7.26745,7.04924,7.29184,7.53018,6.88263,7.02143,6.43946,6.75643,6.39849
Slovenia,,--,--,--,--,--,--,--,--,--,--,--,--,6.24621,6.74116,6.54654,7.62963,8.41315,8.29534,8.08588,8.15737,7.79795,7.99103,8.21607,8.34986,8.35732,8.51058,8.49576,8.42671,8.67657,8.03405,8.09273,7.99669
Spain,,5.20151,5.43646,5.81672,5.90801,5.49021,5.32099,5.14725,5.17792,5.17657,5.65078,5.69585,6.00596,6.11371,5.81819,5.96558,6.12045,5.96128,6.64901,6.86763,7.42005,7.77659,7.80287,8.11145,8.18442,8.53137,8.7617,8.486,8.55678,7.72592,7.08066,6.72146,6.8064
Sweden,,9.90276,8.75491,7.59708,7.12947,6.86465,7.40196,7.83469,7.60477,7.26282,6.81632,6.63632,6.51542,6.76526,6.90759,7.33252,7.22801,7.57476,7.38881,7.43367,7.26797,6.79711,6.73821,6.37741,6.77315,6.71797,6.39769,6.38331,6.29889,6.04877,5.72203,6.22123,5.94618
Switzerland,,7.39497,6.20102,5.71632,6.12357,6.07337,6.25338,6.69056,6.41042,6.34585,6.21091,6.35367,6.51634,6.53935,6.16263,6.01508,6.15869,6.25615,6.10623,6.3472,6.37285,6.24404,6.27873,6.03209,6.10396,6.1296,6.14233,6.0695,5.79845,5.94705,5.7069,5.87112,5.34059
Turkey,,1.52269,1.36466,1.54363,1.61301,1.64535,1.82575,2.02769,2.06045,1.9034,2.16289,2.28915,2.38146,2.35065,2.41764,2.29925,2.47319,2.68353,2.84382,2.82513,2.74108,2.99908,2.6925,2.7999,2.92034,2.93899,3.17718,3.40392,3.74748,3.60056,3.50317,3.45158,3.74319
United Kingdom,,10.89549,10.62961,10.15324,10.2484,9.99653,10.4139,10.4887,10.65805,10.49823,10.6917,10.48279,10.59478,9.99436,10.07046,9.86532,9.62647,10.0927,9.6899,9.57402,9.45334,9.47479,9.64549,9.42384,9.57107,9.70311,9.63943,9.62251,9.30451,9.14744,8.32608,8.49181,7.78824
Eurasia,,1,11.59533,11.91602,12.03768,12.41263,12.70734,13.06236,13.12666,13.33,13.01837,13.20433,12.11571,10.95447,10.00643,8.83359,8.48297,7.92932,7.37971,7.29404,7.58635,7.76219,7.61083,7.87809,8.19488,NA,NA,NA,8.60536,8.82901,7.69208,8.56108,8.84361
Armenia,,--,--,--,--,--,--,--,--,--,--,--,--,3.29607,2.06409,2.07056,2.31183,2.61601,2.43139,2.56689,2.54533,2.75757,2.8204,2.72832,2.95903,3.01331,3.42774,3.43935,3.79364,3.73157,3.37249,1.54915,3.87431
Azerbaijan,,--,--,--,--,--,--,--,--,--,--,--,--,7.79267,8.42997,7.56462,7.26592,6.39946,6.26154,5.75535,5.82604,5.23879,5.6691,5.39147,4.59903,4.7947,4.99287,4.93548,4.26632,4.7393,3.70237,3.5572,3.43011
Belarus,,--,--,--,--,--,--,--,--,--,--,--,--,8.95077,7.85527,6.45584,6.10918,5.95794,5.80952,5.62359,5.77963,5.98522,5.40009,5.11925,5.62038,5.56257,6.56041,6.80367,6.79289,6.8938,6.30307,6.62316,7.0105
Estonia,,--,--,--,--,--,--,--,--,--,--,--,--,4.78313,3.68954,3.72642,3.72328,3.92138,4.4662,5.33874,4.25118,4.12266,4.43612,4.50285,4.6375,5.14466,4.58904,4.94623,4.92003,4.83059,4.01959,4.2391,4.31386
Former U.S.S.R.,,11.58629,11.59533,11.91602,12.03768,12.41263,12.70734,13.06236,13.12666,13.33,13.01837,13.20433,12.11571,--,--,--,--,--,--,--,--,--,--,--,--,--,--,--,--,--,--,--,--
Georgia,,--,--,--,--,--,--,--,--,--,--,--,--,2.8998,1.47424,0.97415,1.08046,1.15162,0.59581,1.22838,1.0018,0.96938,0.85238,0.91223,0.80098,0.88431,1.03977,1.05555,1.23073,1.24933,1.41523,1.39371,1.28733
Kazakhstan,,--,--,--,--,--,--,--,--,--,--,--,--,15.42605,13.3889,10.073,8.90503,8.78065,7.48116,7.40375,8.54861,8.60023,9.01975,9.179,8.73684,10.55294,10.79369,11.55528,11.52517,11.8123,10.24893,11.01727,11.95401
Kyrgyzstan,,--,--,--,--,--,--,--,--,--,--,--,--,3.05424,2.27375,1.85677,1.19973,1.51159,1.5218,1.60661,1.52561,1.44633,1.31198,1.15959,1.02575,1.1238,1.02897,1.00293,0.98614,1.10172,1.54864,1.35794,1.58856
Latvia,,--,--,--,--,--,--,--,--,--,--,--,--,4.87479,3.58928,3.47312,3.74318,4.03257,3.49249,3.42396,3.12196,3.10432,3.25214,3.17981,3.3884,3.55004,3.75998,4.06112,3.81276,3.57672,3.54928,3.85677,3.65131
Lithuania,,--,--,--,--,--,--,--,--,--,--,--,--,6.28333,4.77503,5.02234,4.80063,4.32686,4.46047,4.75987,3.74924,3.63184,3.57111,3.66037,3.75439,3.71236,4.35392,4.62532,4.99044,5.08217,3.76567,3.92924,4.29685
Moldova,,--,--,--,--,--,--,--,--,--,--,--,--,4.69075,3.41051,2.52758,2.06514,2.1698,2.06373,1.87893,1.43356,1.40858,1.40775,1.5505,1.71915,1.6391,1.73191,1.84277,1.78796,1.92031,1.75581,1.78658,1.79383
Russia,,--,--,--,--,--,--,--,--,--,--,--,--,13.6091,12.54868,11.36328,10.7763,10.13537,9.40607,9.34495,9.87773,10.192,9.85593,10.31251,10.72276,11.10844,11.07683,11.46124,11.07904,11.44076,10.38206,11.82283,11.99805
Tajikistan,,--,--,--,--,--,--,--,--,--,--,--,--,1.44687,0.94183,0.91579,0.63351,0.81656,0.81237,0.85619,0.90695,0.95571,0.97471,0.93891,1.01593,1.063,1.08953,1.06825,1.02129,0.9529,0.33126,0.33895,0.38772
Turkmenistan,,--,--,--,--,--,--,--,--,--,--,--,--,5.33944,4.8737,4.55631,4.5481,4.39339,4.62393,4.2195,4.41039,5.45975,6.69563,7.59219,9.66035,10.20169,10.28854,10.37147,10.93161,12.3852,10.60342,11.76143,10.97967
Ukraine,,--,--,--,--,--,--,--,--,--,--,--,--,10.27779,9.52755,8.00126,8.23001,7.19803,6.77895,6.63519,6.58142,6.62923,6.52971,6.75611,7.45343,7.28585,7.47726,7.06628,7.58011,7.44447,5.37271,6.11523,6.60547
Uzbekistan,,--,--,--,--,--,--,--,--,--,--,--,--,4.44009,4.35421,4.33077,4.5548,4.39881,4.30789,4.1823,4.17356,4.3019,4.43732,4.48886,4.46354,4.66036,4.41202,4.51878,4.53834,4.64871,3.88137,3.74337,4.16264
Middle East,,1,4.72628,4.7385,4.96234,5.01347,5.01661,5.19069,5.22668,5.31288,5.38465,5.328,5.6254,5.63377,5.67031,5.84679,5.81984,5.89507,6.09455,6.14505,6.23612,6.32364,6.3332,6.52646,6.76448,NA,NA,NA,7.62538,7.94232,8.31314,8.73105,9.01883
Bahrain,,22.32413,24.30667,24.78552,27.32272,23.48204,26.84912,27.87276,32.33466,26.79431,26.72243,28.25828,30.4861,25.23007,29.00055,27.90633,27.28942,26.59639,30.2377,31.07213,31.65008,30.94535,30.94128,30.56521,28.74084,27.28527,26.98869,27.67502,27.13854,27.00873,26.39861,25.98882,24.90224
Iran,,2.94242,2.6082,3.0929,3.46727,3.228,3.28975,3.27775,3.32846,3.33564,3.49279,3.47868,3.74858,3.76837,3.76891,3.95399,4.08492,4.03826,4.40197,4.40024,4.68397,4.68379,4.81045,5.19484,5.47564,5.71084,6.24019,6.52307,6.60452,6.82501,7.40551,7.3653,7.63198
Iraq,,3.90463,2.75576,2.59609,2.91722,2.82678,3.03232,3.45412,3.22163,3.52045,3.65617,3.81421,2.50056,3.22838,3.60876,4.05375,3.94048,3.81623,3.36015,3.37255,3.42343,3.24449,3.32904,3.31595,2.89987,3.09,3.63809,3.41451,3.61564,3.69104,3.88972,3.88587,3.94585
Israel,,4.60736,4.7893,4.92754,5.04521,4.98401,4.69776,4.86124,5.17572,5.45334,5.54054,5.48407,5.43561,6.03887,6.37978,6.45876,6.2436,6.05897,9.63559,9.713,9.66104,9.86616,10.73818,10.29516,9.95687,9.9953,10.17983,10.28807,10.0399,9.6652,9.2491,9.86317,9.95162
Jordan,,2.40762,2.73503,2.999,3.09606,3.09287,3.08124,3.31721,3.53364,3.17777,3.11396,3.11554,2.64606,2.89286,2.77678,3.10792,3.16461,3.32598,3.14268,3.31639,3.30435,3.3353,3.19111,3.26333,3.40628,3.5549,3.67574,3.57088,3.31178,3.14633,3.13038,3.22897,2.78919
Kuwait,,22.93207,16.47656,15.43204,16.28417,16.18054,14.81578,16.3695,17.9457,19.53922,21.03205,13.01624,45.14743,16.75923,20.63772,23.77432,24.02682,28.33142,29.31724,30.53329,29.4797,30.16774,28.33701,26.9905,29.64576,30.88977,33.70211,33.07964,31.36695,32.0972,33.04028,33.42396,38.70426
Lebanon,,2.22077,2.02488,1.95813,2.01664,1.89123,2.16471,2.15329,2.20293,1.96403,1.48185,1.3681,2.34276,2.30102,2.86545,3.25074,3.45479,3.58443,4.12448,4.08776,4.24621,4.33991,4.18863,4.17744,4.18794,4.06409,3.86312,3.47838,3.21909,3.62865,4.84112,4.58871,4.9792
Oman,,3.34043,3.3284,3.83693,4.20203,5.37348,4.92371,5.66515,5.54239,4.84142,6.01183,6.94143,7.6049,6.97548,7.32932,7.26357,6.61117,6.63875,7.94617,9.40991,8.65241,8.95919,8.92661,9.04596,8.66115,9.20656,11.18799,12.72317,13.22729,15.33029,15.8218,19.88517,17.72944
Palestinian Territories,,--,--,--,--,--,--,--,--,--,--,--,--,--,--,--,--,--,0.14334,0.17155,0.17746,0.20198,0.39031,0.31656,0.34666,0.5992,0.73763,0.78136,0.76085,0.77027,0.50895,0.55193,0.61199
Qatar,,60.51452,58.25196,56.47691,45.52319,49.41013,40.3849,38.38987,37.53696,36.83313,36.77085,43.32445,49.7228,55.20107,62.47409,60.69358,59.46829,59.10393,59.6245,57.77175,52.30179,54.22421,41.0459,41.85824,44.1502,46.81256,56.50286,52.11684,46.99743,44.78303,43.61278,45.12001,44.06252
Saudi Arabia,,17.65425,16.44474,14.66666,13.91529,14.59618,13.44456,13.57921,13.07501,13.1456,12.56388,12.95233,13.88696,13.80153,13.20724,13.18135,12.54536,12.96198,12.87265,12.69999,12.67948,13.63273,13.82543,13.99049,15.26882,16.757,17.00039,16.71664,16.02927,16.92135,17.28009,19.68758,21.1004
Syria,,1.87722,1.93735,1.88575,2.08907,2.21281,2.24529,2.21384,2.46161,2.4482,2.56114,2.95402,2.5632,2.65763,2.82094,2.94407,2.76032,2.84669,2.91468,3.05077,3.1683,3.09595,2.92223,3.03088,2.98314,2.91089,2.72836,2.67423,2.57105,2.5515,2.8318,2.89043,2.80627
United Arab Emirates,,30.30305,32.81872,31.39769,35.31381,37.03026,43.49731,46.37507,46.54794,48.20239,47.58143,43.30211,48.84407,49.62636,43.85715,40.71913,41.06426,39.89342,40.80865,40.31033,38.7389,35.94647,34.06947,34.89723,34.18445,34.29017,34.34428,36.66381,38.72652,41.9659,43.51253,43.97017,44.41267
Yemen,,0.70454,0.69776,0.79734,0.70751,0.8682,0.9402,0.91923,0.88232,0.88241,0.90502,0.92152,0.91302,0.91516,0.72676,0.68779,0.71811,0.71192,0.6829,0.69815,0.73032,0.75706,0.7772,0.83024,0.87036,0.84379,0.8541,0.90515,0.91163,1.06593,0.96642,1.07321,0.83514
Africa,,1,1.09249,1.12821,1.14086,1.17216,1.16908,1.18169,1.17741,1.17413,1.1522,1.15901,1.16557,1.15612,1.14511,1.16603,1.15796,1.15404,1.15955,1.11759,1.11195,1.10292,1.11105,1.08664,1.11862,NA,NA,NA,1.14005,1.17927,1.14469,1.15098,1.11356
Algeria,,3.56155,2.8181,3.29884,3.45877,3.49823,3.22043,3.17464,3.30776,3.3706,3.2204,3.35601,3.33018,3.10328,3.02466,3.03298,3.12117,2.94219,2.73938,2.85049,2.79919,2.72951,2.54723,2.59117,2.55484,2.48013,2.7384,2.82632,2.97729,3.08858,3.23212,3.27667,3.33196
Angola,,0.47033,0.45626,0.47108,0.48714,0.41737,0.51101,0.53278,0.52724,0.53562,0.51185,0.75574,0.76825,0.74912,0.74342,0.69329,1.10439,1.07186,1.11045,1.02985,1.091,1.02762,1.15276,1.1709,1.36849,1.38495,1.35433,1.37667,1.51431,1.43364,1.47726,1.74925,1.69636
Benin,,0.12165,0.11678,0.07562,0.11116,0.10639,0.123,0.12084,0.0875,0.10627,0.11023,0.12485,0.13877,0.15269,0.15969,0.16065,0.17041,0.17785,0.18758,0.19611,0.2067,0.24931,0.2413,0.24738,0.28184,0.31886,0.32477,0.37436,0.398,0.3936,0.51271,0.55975,0.55894
Botswana,,1.38633,1.35659,1.23989,1.13731,1.11775,1.39013,1.46218,1.66178,1.71476,1.89527,2.14529,2.13412,2.37904,2.26937,2.21714,2.35215,2.01986,2.03659,2.31148,2.28098,2.60422,2.25251,2.18786,1.97448,2.25232,2.37121,2.348,2.17033,2.22102,2.17114,2.49386,2.26025
Burkina Faso,,0.0662,0.0646,0.06318,0.06197,0.06026,0.05618,0.0669,0.06827,0.06557,0.05859,0.05967,0.06656,0.0654,0.06867,0.07164,0.06915,0.06918,0.10218,0.09813,0.09505,0.09156,0.0892,0.08769,0.08736,0.08611,0.07553,0.087,0.09331,0.09072,0.10812,0.10672,0.10003
Burundi,,0.02282,0.02493,0.0214,0.02384,0.02919,0.02958,0.03,0.03049,0.04619,0.04941,0.05269,0.0584,0.05392,0.06168,0.06446,0.05852,0.05917,0.05931,0.05869,0.0568,0.05456,0.05621,0.05484,0.055,0.04855,0.04541,0.04256,0.0381,0.03887,0.02096,0.0202,0.01899
Cameroon,,0.25443,0.25322,0.28754,0.7529,0.71927,0.64675,0.89145,0.73799,0.31078,0.56628,0.2886,0.28369,0.28529,0.52504,0.57153,0.55395,0.48629,0.48302,0.47073,0.46243,0.44535,0.41183,0.38425,0.37124,0.38343,0.38784,0.41127,0.42832,0.40827,0.4401,0.44353,0.409
Cape Verde,,1.00969,0.99436,0.43731,0.42434,0.50713,0.49507,0.16528,0.17639,0.25038,0.26984,0.28359,0.28605,0.29936,0.2909,0.30884,0.29204,0.29792,0.29111,0.28477,0.27889,0.40601,0.31196,0.324,0.31817,0.64288,0.54091,0.6114,0.70894,0.65741,0.75672,0.74684,0.75074
Central African Republic,,0.05934,0.07519,0.0785,0.08222,0.07542,0.07365,0.07448,0.07888,0.08222,0.07576,0.07983,0.08155,0.082,0.08144,0.08369,0.08155,0.08089,0.08073,0.08046,0.07857,0.08156,0.08167,0.08328,0.08156,0.07569,0.07078,0.07299,0.07864,0.07324,0.07182,0.07039,0.06853
Chad,,0.06108,0.05826,0.05559,0.05291,0.02464,0.03026,0.05328,0.04401,0.02892,0.02902,0.05814,0.05343,0.05239,0.02564,0.02615,0.02502,0.02452,0.02425,0.02354,0.02284,0.02397,0.02366,0.0237,0.02286,0.02059,0.02208,0.02337,0.02702,0.02589,0.0246,0.02412,0.02392
Comoros,,0.12191,0.1189,0.11613,0.11338,0.11252,0.09284,0.09629,0.12538,0.13012,0.12718,0.16263,0.15179,0.14974,0.14636,0.14982,0.17245,0.16896,0.16499,0.16709,0.16298,0.17676,0.17791,0.1794,0.17459,0.17473,0.18026,0.17892,0.22011,0.17764,0.21877,0.1845,0.20742
Congo (Brazzaville),,0.43046,0.50578,0.41031,0.33094,0.3259,0.4706,0.40698,0.49124,0.37233,0.41123,0.50382,1.38167,1.33574,1.26289,1.21494,1.17139,1.12903,1.3221,1.27348,1.06529,0.97116,0.98804,0.89633,0.89922,0.87726,1.49375,1.46975,1.51847,1.52646,1.61068,1.76052,1.61088
Congo (Kinshasa),,0.11714,0.12044,0.12026,0.11597,0.10532,0.0996,0.11157,0.09757,0.11558,0.10401,0.09302,0.09494,0.10385,0.1053,0.07986,0.08204,0.08105,0.07687,0.07195,0.06262,0.05139,0.03681,0.03208,0.03192,0.04017,0.0405,0.03935,0.0429,0.04126,0.03872,0.04876,0.03942
Cote dIvoire (IvoryCoast),,0.46721,0.47633,0.42462,0.44193,0.41507,0.414,0.44834,0.48059,0.49061,0.47131,0.37201,0.29138,0.28762,0.31585,0.3169,0.30561,0.37492,0.33345,0.33711,0.42699,0.43606,0.3388,0.32813,0.32046,0.34299,0.33654,0.32456,0.3129,0.31653,0.31615,0.30767,0.3163
Djibouti,,4.46146,3.40203,3.30521,2.35839,1.93405,1.88003,1.8115,1.78499,1.71382,3.87891,3.4679,3.16986,3.2475,3.36573,3.3302,3.2772,3.19696,3.09713,2.95537,2.83931,2.76511,2.69925,2.61585,2.76355,2.94979,2.88358,2.47371,2.37311,2.40426,1.60049,1.5683,1.83873
Egypt,,0.95969,1.10684,1.19603,1.35895,1.44762,1.52111,1.59366,1.6049,1.58273,1.60602,1.67582,1.68685,1.65667,1.66185,1.69613,1.68369,1.81561,1.83489,1.84099,1.84406,1.84117,1.94193,1.96111,2.06054,2.15058,2.19164,2.04428,2.09202,2.3463,2.34602,2.31309,2.42959
Equatorial Guinea,,0.21675,0.20373,0.2431,0.23363,0.22168,0.2453,0.25455,0.23424,0.22369,0.32672,0.32646,0.33418,0.31212,2.63088,2.55849,2.48674,3.54686,3.54956,3.61283,3.85396,4.17839,4.05376,7.56066,9.1668,6.90531,8.62729,8.39972,7.71897,7.59362,8.53812,8.33987,7.66642
Eritrea,,--,--,--,--,--,--,--,--,--,--,--,--,--,--,0.29209,0.29995,0.29853,0.2964,0.31543,0.26067,0.15278,0.17388,0.15874,0.17172,0.15544,0.14172,0.14275,0.13091,0.13248,0.09097,0.11869,0.07994
Ethiopia,,0.04717,0.04513,0.04789,0.05325,0.05275,0.06226,0.06147,0.06709,0.06169,0.06467,0.06332,0.04972,0.07109,0.06334,0.04059,0.04263,0.02985,0.02901,0.04301,0.05203,0.05372,0.05361,0.05703,0.05964,0.06015,0.06159,0.06737,0.07246,0.07918,0.08349,0.07498,0.08053
Gabon,,6.69846,6.82144,6.44547,6.13531,6.51805,6.41584,4.6563,4.39604,4.63363,6.21898,6.09281,5.96558,6.1396,5.86902,5.56478,5.13096,5.06107,4.99752,4.78961,4.51695,4.10318,3.9016,3.62082,3.6712,3.61099,3.46768,3.08049,3.04723,3.14421,2.81148,3.10618,3.39297
"Gambia, The",,0.23342,0.22645,0.22007,0.21387,0.22646,0.21326,0.19939,0.22141,0.21964,0.20732,0.20279,0.20346,0.19716,0.20111,0.21355,0.19175,0.18514,0.17914,0.18351,0.17822,0.19448,0.20304,0.20221,0.19904,0.19653,0.19709,0.20415,0.24696,0.22638,0.25889,0.27507,0.24185
Ghana,,0.20003,0.17154,0.19128,0.16019,0.17315,0.14054,0.16697,0.18788,0.21111,0.23701,0.19483,0.18757,0.20998,0.21004,0.22712,0.2301,0.23259,0.21356,0.21042,0.24023,0.28021,0.26727,0.27589,0.29415,0.31434,0.30956,0.30963,0.3069,0.32761,0.32475,0.38539,0.38359
Guinea,,0.18324,0.17617,0.17538,0.17326,0.16776,0.14082,0.19629,0.20288,0.202,0.19105,0.24258,0.17675,0.17386,0.17334,0.17262,0.16576,0.16186,0.15999,0.15841,0.1536,0.15619,0.15608,0.15547,0.15199,0.15054,0.15082,0.14687,0.14163,0.13726,0.14252,0.139,0.13507
Guinea-Bissau,,0.10548,0.10289,0.10183,0.09943,0.13237,0.14042,0.11107,0.20346,0.22244,0.22704,0.28331,0.28291,0.27996,0.28943,0.28694,0.27715,0.27457,0.266,0.26193,0.25603,0.27797,0.27453,0.27982,0.28122,0.27663,0.27988,0.27071,0.27462,0.30713,0.26594,0.26096,0.26212
Kenya,,0.35202,0.34071,0.32292,0.29133,0.27809,0.27766,0.30341,0.25908,0.27415,0.29029,0.28519,0.24152,0.26216,0.25904,0.26776,0.2698,0.27396,0.24841,0.27301,0.27455,0.2874,0.25681,0.25004,0.25555,0.27369,0.29142,0.3166,0.30371,0.29063,0.29592,0.31133,0.31335
Lesotho,,0.10741,0.09781,0.10255,0.09938,0.09657,0.09612,0.09845,0.09666,0.0627,0.09333,0.09171,0.09015,0.0918,0.0903,0.09864,0.09703,0.09614,0.09513,0.096,0.09544,0.11054,0.10989,0.10972,0.10964,0.11003,0.11798,0.12225,0.12438,0.1252,0.12244,0.28788,0.23298
Liberia,,1.01616,0.90719,0.88237,0.85736,0.74962,0.73097,0.57445,0.42835,0.47201,0.40192,0.27024,0.18763,0.18364,0.19613,0.19976,0.2014,0.20637,0.19161,0.17642,0.16611,0.16973,0.17453,0.18268,0.18747,0.18915,0.18323,0.19646,0.20798,0.20077,0.15413,0.14589,0.15684
Libya,,10.60079,8.33956,8.33022,7.90029,7.26163,7.56265,8.18078,8.18971,8.97021,9.36634,10.33372,9.89609,8.48277,8.35427,8.4438,8.63441,9.05224,9.30925,8.72534,8.08083,8.33685,8.45912,9.22299,8.6661,9.5857,10.13201,9.20686,9.27403,9.63362,9.66296,11.09051,7.05446
Madagascar,,0.13443,0.11308,0.09552,0.12098,0.11658,0.12332,0.08819,0.1192,0.12715,0.08726,0.08238,0.08207,0.08673,0.08666,0.0944,0.09442,0.09207,0.09024,0.08766,0.08447,0.11525,0.12259,0.13819,0.13898,0.14914,0.1392,0.13399,0.13058,0.14263,0.09166,0.09033,0.08592
Malawi,,0.092,0.09494,0.08249,0.06386,0.05911,0.06192,0.06254,0.05442,0.04767,0.05456,0.05601,0.06575,0.06419,0.06122,0.06861,0.07135,0.07062,0.06859,0.06628,0.07293,0.07482,0.0706,0.07354,0.0711,0.07906,0.08105,0.08289,0.08142,0.08164,0.06391,0.0632,0.06223
Mali,,0.06086,0.07979,0.05847,0.05689,0.05587,0.06015,0.04674,0.05365,0.0259,0.05659,0.05515,0.05579,0.05588,0.05637,0.05608,0.05508,0.05537,0.05488,0.05411,0.05257,0.05254,0.05101,0.05424,0.05318,0.05344,0.05744,0.05056,0.05044,0.05103,0.04931,0.04793,0.04948
Mauritania,,0.39338,0.3694,0.36307,0.35257,0.51807,0.50079,0.29203,0.39578,0.47982,0.56504,0.4966,0.51091,1.62201,1.61622,1.55611,1.39929,1.52751,1.36737,1.33904,1.30356,1.29699,1.23801,1.16176,1.16737,0.95126,1.11419,0.97383,0.91048,0.90263,0.60474,0.59106,0.49011
Mauritius,,0.88639,0.78439,0.74417,0.84291,0.86063,0.87137,1.20063,0.96914,1.37128,1.61863,1.81005,1.76903,1.96675,2.08905,2.01379,2.16414,2.12692,2.10194,2.21648,2.27941,2.94258,3.38313,2.97723,3.04009,3.20482,3.29546,3.56662,3.79782,3.95176,3.48663,3.92352,3.73607
Morocco,,0.84319,0.81062,0.82986,0.84099,0.78541,0.805,0.90017,0.86485,0.87571,0.92402,0.94311,0.95934,0.95454,1.04694,1.12659,1.06936,1.0837,1.0536,1.05263,1.11776,1.10975,1.18522,1.16829,1.17967,1.12354,1.18369,1.21212,1.21786,1.204,1.34204,1.50714,1.34254
Mozambique,,0.21659,0.189,0.19663,0.1809,0.15651,0.16291,0.09323,0.08912,0.13016,0.1034,0.09145,0.09025,0.08881,0.08509,0.07563,0.07706,0.0654,0.06581,0.073,0.07372,0.07109,0.08149,0.0892,0.0945,0.10623,0.11183,0.11115,0.11968,0.11091,0.1157,0.11379,0.15484
Namibia,,--,--,--,--,--,--,--,--,--,--,1.61551,0.83719,0.73849,0.95541,0.91217,0.78432,0.79996,0.81764,0.85871,0.9312,0.95541,1.12307,1.13219,1.22809,1.27962,1.29249,1.42415,1.50082,1.57773,1.56685,1.47175,1.51752
Niger,,0.10015,0.10178,0.10583,0.11516,0.12017,0.11785,0.09775,0.10744,0.13769,0.14066,0.13966,0.13666,0.13536,0.13342,0.13157,0.12728,0.12211,0.11632,0.11261,0.10918,0.10488,0.1036,0.10715,0.10596,0.11074,0.09866,0.09197,0.09161,0.09081,0.08189,0.08662,0.0828
Nigeria,,0.92396,0.76228,0.70658,0.68452,0.71019,0.71856,0.68767,0.67859,0.69472,0.81356,0.85304,0.89326,0.92421,0.9254,0.89014,0.91188,0.90369,0.79763,0.75085,0.70025,0.65014,0.71804,0.69489,0.68999,0.668,0.74724,0.69734,0.66336,0.64627,0.50139,0.49117,0.50132
Reunion,,1.177,1.16306,1.24721,1.42514,1.54734,1.477,1.42759,1.5616,1.85436,1.98535,2.05146,2.35221,2.25904,2.93007,2.92855,2.84296,2.79996,2.76184,3.47891,3.41505,3.50403,3.59006,3.51408,3.45992,3.47919,3.53629,3.51346,3.52371,3.52026,3.60453,3.55357,3.38508
Rwanda,,0.02966,0.06618,0.06147,0.06862,0.10867,0.11153,0.10411,0.10256,0.0943,0.09954,0.10041,0.0997,0.10103,0.08995,0.10703,0.12893,0.10776,0.09168,0.0905,0.08851,0.09124,0.08974,0.08765,0.08636,0.08156,0.08449,0.08439,0.07323,0.06939,0.07118,0.0689,0.07058
Saint Helena,,NA,0.42116,0.41723,0.41049,0.37126,0.36142,0.37906,0.96577,0.95932,0.95267,0.94447,0.46805,0.46889,0.93183,0.92453,0.91563,0.90818,0.90072,0.8921,0.88502,3.07607,1.74379,1.73279,1.71947,1.28195,1.69809,1.56341,1.68584,1.78266,1.25305,1.24919,1.96081
Sao Tome and Principe,,0.34123,0.33242,0.32655,0.32017,0.31435,0.31799,0.32564,0.31889,0.31224,0.30569,0.5975,0.61586,0.6362,0.62627,0.64145,0.62467,0.61806,0.60103,0.58879,0.57654,0.65472,0.64017,0.64751,0.63286,0.61902,0.6249,0.66965,0.81081,0.80296,0.77554,0.76859,0.75332
Senegal,,0.44337,0.4186,0.41656,0.38806,0.45,0.43185,0.4392,0.43657,0.36436,0.3663,0.34842,0.31196,0.37586,0.3681,0.43785,0.46023,0.45797,0.40617,0.41886,0.4517,0.46773,0.45388,0.44703,0.43919,0.50412,0.52826,0.53168,0.52992,0.52006,0.49048,0.51559,0.49229
Seychelles,,3.28924,2.61999,2.37355,4.11096,4.26397,4.30636,4.66479,4.91586,6.69181,7.01974,6.39802,6.80875,6.96873,7.06375,7.07,7.03514,6.96159,7.39781,7.32371,7.23345,7.42363,7.5276,10.88764,10.59745,10.82717,10.51045,14.13276,11.44081,11.86443,13.3957,11.97892,13.94174
Sierra Leone,,0.21319,0.20875,0.22417,0.20155,0.19668,0.21585,0.23967,0.25165,0.25888,0.25982,0.25206,0.25709,0.19087,0.20042,0.17103,0.21756,0.22157,0.22954,0.23159,0.23222,0.2411,0.23196,0.2225,0.21833,0.25166,0.24598,0.23773,0.25323,0.25095,0.27254,0.12534,0.26772
Somalia,,0.19304,0.2219,0.21747,0.20631,0.20686,0.19615,0.21465,0.15404,0.15514,0.16282,0.15064,0.0926,0.09244,0.09561,0.09312,0.09106,0.08887,0.0863,0.08331,0.08043,0.09656,0.09301,0.09029,0.08748,0.08502,0.08348,0.0847,0.09328,0.09176,0.08464,0.08573,0.07648
South Africa,,8.03463,8.44244,8.76484,8.60453,8.93468,8.81782,8.79536,8.76927,8.68472,7.91698,7.74443,7.89762,7.98665,7.79151,8.33319,8.22835,8.23192,8.8527,8.31019,8.45896,8.5659,8.61684,8.24657,8.86331,9.40188,9.1066,9.27242,9.44902,10.04392,9.73566,9.7496,9.62198
Sudan and South Sudan,,0.16262,0.16034,0.16863,0.15654,0.1402,0.15339,0.18431,0.1737,0.18298,0.16893,0.14926,0.20921,0.18742,0.17338,0.14913,0.13467,0.13048,0.13186,0.12979,0.13682,0.19516,0.21861,0.24768,0.27393,0.29361,0.3042,0.32254,0.30482,0.30016,0.43706,0.38222,0.44404
Swaziland,,1.19347,1.08449,1.05363,0.78896,0.84494,1.00809,0.9493,0.94289,0.91014,0.89911,0.8604,0.7661,0.67547,0.58678,0.94593,0.90985,0.79706,0.93408,0.90949,0.90334,0.84974,0.83749,0.7801,0.72562,0.70528,0.59267,0.71891,0.80723,0.7831,0.73351,0.72455,0.71053
Tanzania,,0.10279,0.11544,0.11024,0.09455,0.10061,0.09898,0.12151,0.10538,0.10803,0.10443,0.11314,0.09132,0.0982,0.10226,0.08985,0.08478,0.0842,0.08075,0.08038,0.08382,0.08209,0.09013,0.09945,0.10115,0.11237,0.12846,0.1337,0.13985,0.14332,0.15251,0.14583,0.15592
Togo,,0.2218,0.19832,0.18519,0.19437,0.22109,0.20032,0.1672,0.14732,0.15003,0.16452,0.15695,0.26692,0.18213,0.13753,0.15745,0.14852,0.14335,0.14342,0.13903,0.20687,0.28069,0.19567,0.24482,0.39663,0.40612,0.39732,0.3975,0.42244,0.44129,0.20756,0.36032,0.21431
Tunisia,,1.3161,1.41282,1.29794,1.46037,1.48895,1.47041,1.58093,1.41023,1.49979,1.62164,1.59048,1.55216,1.50317,1.74409,1.8238,1.60928,1.69545,1.88482,1.99009,2.02956,2.06829,2.22969,2.17981,2.121,2.13001,2.22602,2.10433,1.84808,1.7706,1.80339,1.8227,1.89299
Uganda,,0.05843,0.03622,0.04199,0.03976,0.03966,0.04129,0.04705,0.03802,0.05544,0.04947,0.051,0.05461,0.05447,0.05442,0.05382,0.05225,0.05051,0.05049,0.05689,0.05502,0.05517,0.05899,0.05995,0.06319,0.06175,0.06266,0.0689,0.07102,0.06641,0.10741,0.1078,0.10447
Western Sahara,,1.26561,1.13064,1.13383,1.02274,1.01991,1.00336,1.05584,1.04887,1.02558,0.98732,0.99442,0.95752,0.94527,0.88475,0.85272,0.87614,0.83247,0.79202,0.75444,0.71961,0.79195,0.76632,0.73361,0.70291,0.67435,0.73385,0.62628,0.6364,0.68297,0.56617,0.54859,0.53228
Zambia,,0.6552,0.56452,0.57383,0.49396,0.47431,0.43829,0.45553,0.42558,0.45442,0.40227,0.35846,0.31222,0.37027,0.29483,0.2302,0.22153,0.24611,0.25923,0.23569,0.20204,0.18997,0.20001,0.20192,0.20633,0.20166,0.21469,0.1978,0.18744,0.18235,0.15408,0.15316,0.19142
Zimbabwe,,1.11141,1.04092,1.01325,1.01103,1.00477,1.12417,1.27631,1.60002,1.46604,1.48996,1.58556,1.65587,1.63717,1.44763,1.38461,1.3338,1.30981,1.22458,1.21016,1.31426,1.16073,1.10779,1.05593,0.95047,0.83935,0.9227,0.87135,0.85155,0.68809,0.71106,0.75351,0.79129
Asia & Oceania,,1,1.42715,1.4247,1.44444,1.53964,1.58104,1.6026,1.64972,1.7378,1.75903,1.78049,1.82791,1.86126,1.91848,2.00613,2.07999,2.12255,2.114,2.07294,2.12267,2.20875,2.22147,2.28011,2.44597,NA,NA,NA,3.06226,3.12814,3.31068,3.52026,3.7271
Afghanistan,,0.09047,0.11441,0.13507,0.16929,0.16665,0.16573,0.18271,0.30215,0.49678,0.47537,0.2348,0.21629,0.11254,0.09577,0.08551,0.06874,0.06663,0.06164,0.05774,0.05568,0.05107,0.03762,0.03592,0.02714,0.02811,0.02922,0.02821,0.04797,0.05745,0.22502,0.2793,0.27
American Samoa,,12.41039,13.72407,18.3634,11.16748,12.42532,11.17646,12.00876,11.74253,11.1283,12.24154,12.23543,11.88886,11.99043,11.59433,10.99482,10.52554,10.49673,10.30679,10.13121,9.97061,9.76476,9.79187,9.99495,10.03148,10.04747,10.68372,10.63652,11.63413,11.8549,10.80834,10.87521,8.16395
Australia,,13.60402,13.7113,13.71581,14.22064,15.17834,15.14488,14.75114,15.55015,15.01342,15.67751,15.78187,15.59811,15.77986,16.08867,15.83828,16.08096,16.61438,17.99025,18.12212,18.87061,18.70087,19.1797,19.17538,18.96317,19.52868,20.22402,20.26903,20.53544,20.45073,20.44697,20.03604,19.59209
Bangladesh,,0.08685,0.08835,0.09281,0.08256,0.09313,0.09611,0.1072,0.11528,0.12321,0.13195,0.13301,0.13002,0.14258,0.14923,0.16221,0.18573,0.1833,0.1893,0.18917,0.20746,0.22216,0.24183,0.25051,0.26575,0.27762,0.28905,0.30981,0.32281,0.33973,0.36395,0.34648,0.37338
Bhutan,,0.01225,0.0563,0.06759,0.06014,0.05113,0.06304,0.05822,0.1393,0.13839,0.12985,0.20325,0.19947,0.21841,0.22415,0.35468,0.42294,0.46099,0.47009,0.46433,0.48544,0.48261,0.44637,0.48324,0.40463,0.2777,0.38027,0.35669,0.42868,0.41606,0.47983,0.50051,0.50312
Brunei,,28.26641,28.90296,29.34552,23.73595,20.98924,22.94906,15.39975,22.35027,19.37898,21.35825,19.04988,8.80222,11.82711,10.78125,10.35344,12.23723,11.75744,12.09642,10.52507,11.54388,11.66401,12.69164,14.28581,14.91809,16.32399,18.79595,27.3658,27.68499,27.83732,18.73652,21.40295,21.6616
Burma (Myanmar),,0.12037,0.12115,0.13117,0.1484,0.15855,0.16271,0.13058,0.12588,0.11717,0.12016,0.11517,0.11137,0.11041,0.11408,0.13474,0.1399,0.13996,0.15186,0.17552,0.19122,0.21216,0.20655,0.22346,0.25672,0.2549,0.32172,0.29362,0.30961,0.28414,0.22534,0.22312,0.22986
Cambodia,,0.00595,0.00578,0.00561,0.0475,0.05186,0.05267,0.05535,0.05374,0.05378,0.05174,0.04992,0.04948,0.04924,0.04688,0.04657,0.12528,0.1347,0.15876,0.17711,0.17555,0.1742,0.20241,0.21588,0.23296,0.25568,0.26811,0.28588,0.30654,0.29947,0.28731,0.2841,0.31359
China,,1.47092,1.44417,1.48826,1.54952,1.65398,1.75612,1.83409,1.92285,2.01311,2.01246,1.97576,2.0362,2.07967,2.15441,2.28776,2.34448,2.44794,2.35696,2.33768,2.33498,2.50493,2.53908,2.67854,3.08336,3.56078,3.94243,4.2746,4.50824,4.68205,5.1497,5.55467,6.07959
Cook Islands,,1.56135,3.17579,3.16167,3.174,3.12349,3.16641,3.04562,3.04075,3.00017,2.61088,2.57584,2.07189,2.57521,2.58443,2.59543,2.60145,2.62651,2.67178,2.74668,2.83172,3.51322,3.64324,3.78227,3.92275,4.51867,5.14893,5.68763,5.52439,7.38245,6.15803,6.37202,6.69777
Fiji,,2.05772,1.36781,1.55058,1.51582,1.10212,1.11115,1.40772,1.08256,1.1217,1.31351,1.42039,1.14927,1.1888,1.25749,1.31176,1.38897,1.42974,1.41052,1.3479,1.48083,1.7813,1.88166,2.15902,2.77913,3.18029,3.02026,2.68964,2.92241,2.72408,1.5656,1.52119,1.55341
French Polynesia,,1.39765,1.99838,2.60211,3.35575,4.92659,4.14819,5.30717,5.32377,5.14347,4.98061,4.61506,4.48578,4.22787,4.06356,3.23835,3.29149,3.24552,3.19364,3.13602,3.08022,2.86821,2.81777,2.84518,3.47385,3.42018,3.63058,3.98677,3.88369,3.7741,3.99923,4.08318,3.941
Guam,,33.15957,45.82507,35.15818,32.16252,10.8187,5.23094,8.95101,6.0881,6.2487,5.66313,13.68619,15.0308,17.66262,23.30249,33.26229,25.01748,22.12064,24.93811,20.37489,22.42519,18.48575,19.54157,13.34609,15.43778,12.4183,13.02782,14.23714,12.89324,11.14237,6.71928,16.71135,12.72494
Hawaiian Trade Zone,,NA,NA,NA,NA,NA,NA,NA,--,--,--,--,--,--,--,--,--,--,--,--,--,--,--,--,--,--,--,--,--,--,--,--,--
Hong Kong,,3.58876,3.63204,4.06033,4.66759,4.93198,5.1923,5.81715,6.46619,7.08647,7.31481,7.04207,7.39809,7.74173,8.12521,7.45473,7.61077,7.5748,7.06948,7.89293,9.35244,8.36732,8.97485,9.76183,10.27991,11.38846,11.66408,11.54076,12.05147,11.23913,12.69415,14.03313,13.23984
India,,0.42522,0.48312,0.49004,0.50431,0.56707,0.58896,0.61123,0.61543,0.64768,0.67315,0.69034,0.72722,0.75838,0.77976,0.81975,0.95543,0.8685,0.89641,0.91906,0.96165,0.98477,0.99319,0.96857,0.96707,1.04371,1.08288,1.15617,1.21517,1.27041,1.42012,1.46185,1.47386
Indonesia,,0.56866,0.59677,0.588,0.58741,0.5994,0.60794,0.64887,0.6776,0.71229,0.7822,0.85554,0.91636,0.95614,1.04235,1.0764,1.0824,1.1814,1.20158,1.15359,1.25152,1.24549,1.25123,1.30503,1.30293,1.38146,1.42266,1.50743,1.58215,1.55582,1.6854,1.77097,1.8291
Japan,,8.10749,8.03248,7.59607,7.27035,7.79555,7.67051,7.22291,7.29294,7.82761,8.03662,8.47503,8.60277,8.63068,8.53261,8.94412,8.90662,9.03505,9.194,8.81764,9.14039,9.47682,9.3911,9.42084,9.79771,9.83808,9.71897,9.7061,9.81726,9.51775,8.65213,9.22789,9.41612
Kiribati,,0.38845,0.45359,0.44751,0.44363,0.3189,0.31467,0.29653,0.33634,0.32693,0.3179,0.30942,0.35948,0.30261,0.29838,0.29467,0.29096,0.28575,0.27932,0.27304,0.26709,0.29887,0.29323,0.35926,0.3534,0.34854,0.41118,0.40455,0.43339,0.45107,0.63513,0.62755,0.58014
"Korea, North",,6.35479,6.47515,6.6997,6.8946,6.99004,7.19238,7.04782,6.63698,8.15401,6.41943,6.07171,5.81926,4.9932,4.53036,4.1428,3.75821,3.2075,2.95634,2.6589,2.89823,3.03558,3.07739,2.93598,2.98309,3.03322,3.14334,3.16823,2.61806,2.87713,2.73884,2.65683,2.72142
"Korea, South",,3.45545,3.56131,3.53324,3.72061,4.04932,4.22301,4.37471,4.46135,4.94412,5.17107,5.6468,6.22642,6.68818,7.46566,7.86268,8.45498,8.74334,9.32036,8.2474,9.1129,9.36818,9.58139,9.86366,10.07422,10.16627,10.28641,10.06181,10.4269,10.78497,10.81118,12.00792,13.34138
Laos,,0.12598,0.04944,0.04443,0.04686,0.04248,0.04691,0.05485,0.0531,0.05093,0.05507,0.05333,0.05643,0.06009,0.05833,0.06109,0.0743,0.09016,0.11301,0.13605,0.15958,0.15662,0.13753,0.16951,0.16196,0.20124,0.20323,0.21192,0.22045,0.23078,0.23224,0.23956,0.23658
Macau,,1.83312,1.68714,1.731,2.31463,2.43504,1.91808,2.89421,3.1006,2.99323,3.11303,3.1,2.98054,3.01466,3.25363,3.38145,3.20505,3.5976,3.60289,3.85238,4.04996,3.65471,3.81835,4.18538,4.28306,5.10626,4.18169,4.61129,4.38031,4.38714,3.21006,2.35797,2.84493
Malaysia,,1.95617,1.98134,2.02504,2.42397,2.75093,2.8452,3.04332,2.78319,2.76311,3.00909,3.64618,3.6519,3.86344,3.99508,4.34913,4.40021,4.87809,4.77363,4.67694,4.74596,5.11658,5.28208,5.74903,5.65837,5.66919,5.68789,5.69007,6.05596,6.2621,6.3028,6.86246,6.81207
Maldives,,0.09197,0.08827,0.08549,0.08343,0.32678,0.35223,0.44369,0.42616,0.44098,0.42372,0.45086,0.42981,0.42813,0.50237,0.95715,1.31973,1.3166,1.14151,1.20967,1.16694,1.61074,1.69378,3.04632,3.35326,2.29682,1.79035,2.37419,2.55483,2.30179,2.67906,2.68501,2.72123
Mongolia,,4.27279,3.71411,4.2832,4.31966,4.27515,4.64299,4.97761,5.09671,5.12854,4.66198,4.32201,5.04847,4.26335,3.78545,3.46338,3.58437,2.62686,2.1565,2.1238,2.08099,2.10861,2.12087,2.23195,2.09461,2.19235,2.18092,2.33408,2.4201,2.39834,2.52165,2.66576,2.67677
Nauru,,16.36965,16.23281,15.94047,15.64502,15.86505,15.35869,17.0797,16.70073,16.34396,16.00323,16.36488,16.06518,16.29758,16.30256,16.3009,16.63374,16.61546,16.55047,16.51998,16.53838,16.55005,16.50152,17.11376,17.0945,17.35179,17.59037,18.08468,19.36039,20.29251,19.69883,19.59413,18.09475
Nepal,,0.0325,0.02538,0.03436,0.03367,0.04191,0.03292,0.04076,0.04693,0.04523,0.04396,0.03327,0.04777,0.05546,0.05032,0.06177,0.06382,0.07405,0.08328,0.11801,0.13101,0.12484,0.1282,0.10289,0.1064,0.10447,0.11894,0.10174,0.1048,0.10463,0.11474,0.12269,0.12784
New Caledonia,,12.33995,11.4482,7.95117,7.26467,8.22358,8.40517,8.84764,9.36625,8.89956,9.85963,9.2544,9.81939,9.96434,9.7064,9.18582,8.97469,9.32166,8.39093,8.35939,8.09812,9.46623,9.34127,10.44817,10.63931,11.16921,10.68809,12.52749,11.99487,12.06302,11.88937,12.15283,12.40068
New Zealand,,6.32152,6.14621,6.43271,6.56441,6.90832,6.94203,7.49544,7.47929,8.2186,8.14782,8.42508,8.36145,8.56904,8.48761,8.80202,8.43516,8.29174,9.00999,8.70901,9.42201,9.4256,9.95347,9.61615,9.99812,9.99504,10.05217,9.80847,9.56596,9.76039,8.88121,8.81345,8.77684
Niue,,1.405,1.405,1.405,1.405,1.405,1.435,1.575,1.575,1.575,1.575,1.575,1.575,1.59,1.59,1.59,1.59,1.59,1.59,1.59,1.59,1.59,1.5,1.49296,1.47907,1.47222,2.08586,2.6281,3.05889,3.56721,2.466,2.46699,2.51958
Pakistan,,0.39515,0.39968,0.45077,0.42909,0.42753,0.45658,0.48259,0.51603,0.5197,0.53792,0.56376,0.55697,0.56152,0.60984,0.64981,0.6535,0.69047,0.67725,0.67208,0.71168,0.70951,0.65785,0.64023,0.64079,0.65609,0.68236,0.74176,0.77971,0.76375,0.7651,0.77658,0.7578
Papua New Guinea,,0.60403,0.58798,0.57347,0.55915,0.61993,0.63637,0.6904,0.74574,0.68013,0.67767,0.6693,0.64561,0.66253,0.65232,0.60725,0.62083,0.61774,0.60201,0.565,0.54985,0.54014,0.52651,0.72868,0.82275,0.81143,0.77872,0.77262,0.75924,0.78207,0.54448,0.5418,0.5458
Philippines,,0.66478,0.6155,0.59561,0.56435,0.5074,0.46958,0.48529,0.55686,0.57439,0.62995,0.63593,0.62639,0.67802,0.72973,0.74937,0.79652,0.81111,0.86441,0.86026,0.873,0.87265,0.86303,0.85073,0.85269,0.85817,0.84371,0.81509,0.78406,0.77472,0.70789,0.7825,0.81766
Samoa,,0.58412,0.61789,0.66998,0.67031,0.87306,0.68976,0.72386,0.7228,0.72111,0.75773,0.79289,0.78874,0.81081,0.80448,0.76026,0.80942,0.80227,0.7952,0.78803,0.78149,0.81125,0.80406,0.83225,0.8243,0.8515,0.89517,0.86963,0.88249,0.93349,0.88177,0.88037,0.83627
Singapore,,12.18522,12.18397,12.32574,12.08007,12.55531,12.16096,15.03407,16.47079,17.0798,18.03828,18.94677,19.43112,20.94432,22.59889,23.66788,23.26441,26.84837,26.59387,27.02389,26.45427,26.49164,26.85226,25.75411,25.6595,28.09945,28.98985,29.65234,30.76566,31.485,38.2014,37.16747,39.15579
Solomon Islands,,0.42328,0.58353,0.50958,0.54635,0.53293,0.4481,0.46856,0.51769,0.53862,0.54929,0.54149,0.52439,0.50398,0.47949,0.45629,0.45759,0.44399,0.43103,0.41858,0.40679,0.41021,0.39901,0.40218,0.39156,0.3946,0.42295,0.38117,0.40935,0.43042,0.35459,0.38731,0.38413
Sri Lanka,,0.32403,0.31895,0.32661,0.33102,0.36435,0.30344,0.32484,0.3657,0.31719,0.28757,0.31199,0.31065,0.32749,0.3637,0.37703,0.39741,0.44229,0.48694,0.48416,0.52095,0.59496,0.5752,0.58263,0.59484,0.59426,0.64102,0.62729,0.63653,0.60101,0.61666,0.61535,0.6781
Taiwan,,3.95763,3.51946,3.42188,3.76958,4.27279,4.21949,4.52782,4.63938,5.31718,5.80294,5.83437,6.09551,6.35281,7.20963,7.68525,8.56858,9.19079,9.66888,10.24116,10.23206,11.54528,11.09328,12.15481,12.81006,12.59397,12.70785,13.01986,12.81645,12.63248,11.25324,12.66426,13.43491
Thailand,,0.71372,0.71756,0.67878,0.71538,0.78056,0.8678,0.87313,0.97369,1.09894,1.28502,1.52053,1.66113,1.77786,1.99595,2.20087,2.46468,2.85687,2.93417,2.6725,2.79077,2.61294,2.7579,2.97579,3.24793,3.53476,3.76393,3.66774,3.79122,3.89259,4.06256,4.3305,4.39692
Timor-Leste (East Timor),,--,--,--,--,--,--,--,--,--,--,--,--,--,--,--,--,--,--,--,--,--,--,--,0.30083,0.31159,0.31002,0.30843,0.33158,0.33906,0.17963,0.17557,0.29241
Tonga,,0.31708,0.46421,0.43122,0.45878,0.45825,0.47341,0.49825,0.72755,0.84731,0.91091,0.90847,1.01188,1.03742,1.06739,1.19492,1.1909,1.31806,1.34406,1.30179,1.29271,1.31586,1.24459,1.12792,1.12039,1.20649,1.41506,1.7438,1.78523,1.9217,1.76526,1.76215,1.72086
U.S. Pacific Islands,,NA,NA,NA,NA,NA,NA,NA,NA,NA,NA,NA,NA,NA,NA,NA,NA,NA,NA,NA,NA,NA,NA,NA,NA,NA,NA,NA,NA,NA,NA,NA,NA
Vanuatu,,0.99862,0.84959,0.82907,0.78118,0.78415,0.82498,0.89972,0.83775,0.96033,0.82674,0.8484,0.60998,0.40366,0.39462,0.38617,0.37784,0.37019,0.36292,0.35601,0.34952,0.44018,0.42853,0.44897,0.43738,0.44232,0.45945,0.43393,0.48738,0.5003,0.52038,0.51433,0.59761
Vietnam,,0.30519,0.29457,0.3133,0.30963,0.30386,0.33684,0.29823,0.32795,0.2816,0.29721,0.28791,0.29082,0.2804,0.37439,0.3795,0.45609,0.5409,0.51291,0.5375,0.56196,0.59682,0.6246,0.69365,0.73289,0.84105,0.9449,1.00743,1.06603,1.1964,1.23977,1.54121,1.49186
Wake Island,,NA,NA,NA,NA,NA,NA,NA,NA,NA,NA,NA,NA,NA,NA,NA,NA,NA,NA,NA,NA,NA,NA,NA,NA,NA,NA,NA,NA,NA,NA,NA,NA
World,,1,4.01494,3.92281,3.88677,4.00387,4.0267,4.03974,4.08104,4.14382,4.13294,4.08885,4.00711,3.92501,3.89443,3.8679,3.88827,3.92312,3.89642,3.85015,3.86921,3.94678,3.91241,3.93589,4.06372,NA,NA,NA,4.41346,4.41809,4.33641,4.53794,4.63171