Locality,,1980,1981,1982,1983,1984,1985,1986,1987,1988,1989,1990,1991,1992,1993,1994,1995,1996,1997,1998,1999,2000,2001,2002,2003,2004,2005,2006,2007,2008,2009,2010,2011,2012
North America,,749074.2115,780496.9084,758847.146,792369.9004,852428.7787,878999.8633,861930.3538,901396.0441,952524.1406,964217.3192,966992.0082,963371.9422,974367.7838,1008868.453,1019725.307,1032722.693,1079692.82,1106625.289,1117440.37,1118915.037,1168906.711,1144777.691,1152514.537,1182812.06,1190274.015,1213049.185,1197740.734,1212195.979,1200106.862,1069330.814,1122261.753,1071341.075,955748.1925
Bermuda,,0,0,0,0,0,0,0,0,0,0,0,0,0,0,0,0,0,0,0,0,0,0,0,0,0,0,0,0,0,0,0,0,0
Canada,,41321.24362,42807.15934,46094.25181,49178.51899,54498.27362,53685.87014,49777.07406,55780.26173,60763.81138,60336.11458,53849.01222,55937.32676,58421.39974,55048.32698,57251.84739,58457.77602,59333.01124,62955.81594,65680.12005,65292.49336,69616.47391,68336.69042,68618.88213,68554.94807,66222.45724,66432.9987,64905.19516,63615.49087,62483.4171,53942.70869,53908.53704,47431.35549,45887.01727
Greenland,,2.20462,2.20462,1.10231,1.10231,1.10231,0,0,0,0,0,0,0,0,0,0,0,0,0,0,0,0,0,0,0,0,0,0,0,0,0,0,0,0
Mexico,,5021.02824,5060.71145,5841.14789,6517.96707,6633.70976,7265.33417,7922.31174,8675.1904,8118.52316,8881.32262,8645.42799,8207.81038,8291.58605,9738.8415,11187.55861,12161.14095,14039.03747,14125.01776,14657.43415,14976.00213,15195.36209,16295.46883,17541.08066,19396.27068,16797.0205,20638.57558,20543.77681,20582.35771,17075.00138,17910.49827,19839.49906,20961.55281,20676.05417
Saint Pierre and Miquelon,,0,0,0,0,0,0,0,0,0,0,0,0,0,0,0,0,0,0,0,0,0,0,0,0,0,0,0,0,0,0,0,0,0
United States,,702729.735,732626.833,706910.644,736672.312,791295.693,818048.659,804230.968,836940.592,883641.806,894999.882,904497.568,899226.805,907654.798,944081.285,951285.901,962103.776,1006320.771,1029544.455,1037102.816,1038646.542,1084094.875,1060145.532,1066354.574,1094860.841,1107254.537,1125977.611,1112291.762,1127998.13,1120548.444,997477.607,1048513.717,1002948.167,889185.121
Central & South America,,19476.24337,19709.52001,20059.11806,22035.31431,24502.20446,28225.48154,28645.21414,28952.15274,31019.92351,31510.97566,26505.53079,31084.11661,30543.15731,31199.50028,32821.91488,32924.0147,35273.25692,37170.83853,37401.28223,36732.6852,36958.39116,34247.53614,33600.73202,36558.13419,38130.86795,39156.35923,40360.89894,41285.67204,43928.50761,38469.42084,46898.40999,51265.007,51540.73917
Antarctica,,0,0,0,0,0,0,0,0,0,0,0,0,0,0,0,0,0,0,0,0,0,0,0,0,0,0,0,0,0,0,0,0,0
Antigua and Barbuda,,0,0,0,0,0,0,0,0,0,0,0,0,0,0,0,0,0,0,0,0,0,0,0,0,0,0,0,0,0,0,0,0,0
Argentina,,1693.15025,1453.94868,1362.45684,1213.64481,977.75018,1186.08702,1373.47995,1804.4837,1829.83686,1809.99525,1166.24542,1471.82707,1413.16316,1355.84297,2141.79097,1849.67846,1641.34161,1518.98505,1489.22265,1085.85385,1131.80921,867.28755,1071.98677,790.01553,960.23445,829.64362,1147.83682,1513.4735,1507.11316,1548.25142,1600.06005,1828.77864,1615.98845
Aruba,,--,--,--,--,--,--,0,0,0,0,0,0,0,0,0,0,0,0,0,0,0,0,0,0,0,0,0,0,0,0,0,0,0
"Bahamas, The",,0,31.96703,17.63698,0,0,0,0,0,0,0,0,0,0,0,0,0,0,0,0,0,0,0,0,0,0,0,0,0,0,0,0,0,0
Barbados,,0,0,0,0,0,0,0,0,0,0,0,0,0,0,0,0,0,0,0,0,0,0,0,0,0,0,0,0,0,0,0,0,0
Belize,,0,0,0,0,0,0,0,0,0,0,0,0,0,0,0,0,0,0,0,0,0,0,0,0,0,0,0,0,0,0,0,0,0
Bolivia,,1.10231,1.10231,1.10231,1.10231,0,0,0,0,0,0,0,0,0,0,0,0,0,0,0,0,0,0,0,0,0,0,0,0,0,0,0,0,0
Brazil,,10575.57518,10928.31482,11940.23665,12873.89437,15416.92667,18643.39202,18798.81793,19315.80195,19204.46851,19306.98346,16968.98107,19582.5613,18756.93009,18982.90392,19680.66701,20771.95526,21344.05485,21771.75166,21163.27579,22818.94745,24145.02802,23725.04739,22091.42196,22914.84854,24183.91756,23756.46326,23616.46972,24658.04373,24605.79417,19468.36185,25823.16479,27659.19663,27305.35469
Cayman Islands,,0,0,0,0,0,0,0,0,0,0,0,0,0,0,0,0,0,0,0,0,0,0,0,0,0,0,0,0,0,0,0,0,0
Chile,,2015.02517,1974.23964,1343.71755,1823.22299,2130.76786,2050.29913,2135.1771,2092.18696,2921.1251,3850.37358,4142.0121,3296.84021,2935.30083,2967.26786,3535.4322,3889.1088,5333.30203,6878.89688,6112.31649,6776.53624,5096.26099,3968.86103,4019.02722,3969.42321,5105.90622,5090.47386,6350.41574,6254.51465,8603.54016,7514.45654,9159.10509,10825.79986,11486.08437
Colombia,,4399.32464,4563.56903,4706.86951,5202.90962,5123.5432,5101.49697,5202.90962,4315.54897,5564.46774,5173.14721,3041.53057,5511.14894,6179.00633,6352.98413,6069.11691,5046.51368,5273.12685,5563.69612,5675.36027,4382.23881,4289.36908,3808.48575,3587.58255,4104.44532,3217.15082,4572.20013,4176.65774,3288.41525,3927.53537,5049.39071,4968.1173,5532.05979,6370.25735
Costa Rica,,1.10231,1.10231,1.10231,1.10231,1.10231,1.10231,1.10231,1.10231,1.10231,2.20462,2.20462,0.02205,0,0,0,0.27558,13.04034,0.35274,0.50706,0.46297,0.49604,0.70857,31.40485,80.54589,64.0002,58.4225,67.17485,137.78892,133.99697,116.38203,103.90387,107.87219,100.28829
Cuba,,174.16519,175.26751,169.75595,174.16519,184.086,151.01666,189.59755,202.82529,198.41604,253.53161,239.20157,125.66349,73.96509,92.70439,118.49847,108.46744,42.65945,33.73073,37.91951,40.12413,41.7776,28.3294,45.96638,26.29013,32.18749,45.42625,40.78552,44.57747,39.40763,30.46789,26.49957,26.88537,26.88537
Dominica,,0,0,0,0,0,0,0,0,0,0,0,0,0,0,0,0,0,0,0,0,0,0,0,0,0,0,0,0,0,0,0,0,0
Dominican Republic,,0,0,0,7.71618,14.33005,246.91774,30.86472,255.73624,106.9242,11.02311,18.82858,214.06887,203.26621,237.43787,67.57169,87.96445,114.75061,116.51431,164.92783,257.49993,102.11812,223.31726,257.30152,1165.36357,856.6282,524.19314,892.79504,919.31665,957.51174,940.00703,897.95386,1089.05055,641.20349
Ecuador,,0,0,0,0,0,0,0,0,0,0,0,0.73083,0,0,0,0,0,0,0,0,0,0,0,0,0,0,0,0,0,0,0,0,0
El Salvador,,1.10231,1.10231,1.10231,0,0,0,0,0,0,0,0,0.61509,0,1.10231,1.10231,1.10231,1.10231,1.10231,1.10231,1.10231,0.66139,1.10231,1.10231,1.10231,1.10231,1.10231,1.10231,0,0,0,0,0,0
Falkland Islands (Islas Malvinas),,0,0,0,0,0,0,0,0,0,0,0,0,0,0,0,0,0,0,0,0,0,0,0,0,0,0,0,0,0,0,0,0,0
French Guiana,,0,0,0,0,0,0,0,0,0,0,0,0,0,0,0,0,0,0,0,0,0,0,0,0,0,0,0,0,0,0,0,0,0
Grenada,,0,0,0,0,0,0,0,0,0,0,0,0,0,0,0,0,0,0,0,0,0,0,0,0,0,0,0,0,0,0,0,0,0
Guadeloupe,,0,0,0,0,0,0,0,0,0,0,0,0,0,0,0,0,0,0,0,0,0,0,0,0,0,0,0,0,0,0,0,0,0
Guatemala,,24.25085,23.14854,4.40925,3.30693,0,0,0,0,0,0,0,0,0,0,0,0,0,0,0,16.53467,237.32764,220.46227,429.73608,403.82074,469.15474,451.13195,472.29633,493.1741,497.67153,324.27796,541.66478,517.0171,734.13937
Guyana,,0,0,0,0,0,0,0,0,0,0,0,0,0,0,0,0,0,0,0,0,0,0,0,0,0,0,0,0,0,0,0,0,0
Haiti,,0,0,40.78552,62.83175,66.13868,67.24099,19.8416,19.8416,34.17165,13.22774,13.22774,27.55778,28.6601,0,0,0,0,0,0,0,0,0,0,0,0,0,0,0,0,0,0,0,0
Honduras,,0,1.10231,0,0,0,0,1.10231,1.10231,1.10231,1.10231,1.10231,0.5732,1.10341,1.10231,1.10231,1.10231,1.10231,1.10231,1.10231,61.56409,148.62464,135.70555,155.00702,185.93788,191.51558,201.72298,144.61223,141.77929,192.88244,189.32198,196.89486,259.51716,137.78892
Jamaica,,1.10231,1.10231,0,0,0,0,0,0,0,41.88783,57.32019,15.84903,70.66257,69.44562,58.4225,61.72944,94.79878,66.13868,63.93406,79.36642,58.4225,58.64296,97.0034,93.69647,102.51496,64.37498,35.27396,39.68321,52.56923,56.60369,59.52481,61.79557,135.5843
Martinique,,0,0,0,0,0,0,0,0,0,0,0,0,0,0,0,0,0,0,0,0,0,0,0,0,0,0,0,0,0,0,0,0,0
Montserrat,,0,0,0,0,0,0,0,0,0,0,0,0,0,0,0,0,0,0,0,0,0,0,0,0,0,0,0,0,0,0,0,0,0
Netherlands Antilles,,0,0,0,0,0,0,0,0,0,0,0,0,0,0,0,0,0,0,0,0,0,0,0,0,0,0,0,0,0,0,0,0,0
Nicaragua,,0,0,0,0,0,0,0,0,0,0,0,0,0,0,0,0,0,0,0,0,0,0,40.3005,40.78552,77.52556,70.36053,108.12572,72.3006,66.59063,74.72569,75.47526,75.47526,75.47526
Panama,,2.20462,3.30693,3.30693,3.30693,9.9208,38.5809,8.81849,38.5809,28.6601,12.12542,35.27396,49.72967,54.01326,58.4225,59.52481,56.21788,110.23114,62.83175,62.83175,66.13868,66.13868,69.44562,49.60401,0,1.96211,371.47893,252.17577,246.41068,34.50235,69.02674,118.54256,87.44636,88.18491
Paraguay,,0,0,0,0,0,0,0,0,0,0,0,0,0,0,0,0,0,0,0,0,0,0,0,0,0,0.33069,0.22046,0.36376,0.31967,0.18739,0.18739,1.23459,1.10231
Peru,,253.03557,263.64532,286.9592,249.2326,232.61525,310.54867,290.45904,324.02442,382.28158,333.20117,256.80658,438.46639,425.87799,605.11933,551.49078,580.83652,606.97562,633.9569,691.52511,631.53622,980.9105,893.34399,1208.61827,1193.70399,1219.4099,1594.60361,1224.84429,1608.72422,1440.11468,1073.75047,1340.62005,1316.10465,835.55201
Puerto Rico,,0,0,0,188.49524,110.23114,110.23114,255.73624,322.97723,394.62747,328.48879,234.79232,211.64378,169.75595,176.36982,178.57444,181.88137,187.39293,190.69987,192.90449,176.36982,176.36982,170.85826,485.017,1521.18968,1433.00477,1466.07411,1653.46704,1653.46704,1653.46704,1653.46704,1653.46704,1653.46704,1653.46704
Saint Kitts and Nevis,,0,0,0,0,0,0,0,0,0,0,0,0,0,0,0,0,0,0,0,0,0,0,0,0,0,0,0,0,0,0,0,0,0
Saint Lucia,,0,0,0,0,0,0,0,0,0,0,0,0,0,0,0,0,0,0,0,0,0,0,0,0,0,0,0,0,0,0,0,0,0
Saint Vincent/Grenadines,,0,0,0,0,0,0,0,0,0,0,0,0,0,0,0,0,0,0,0,0,0,0,0,0,0,0,0,0,0,0,0,0,0
Suriname,,1.10231,1.10231,1.10231,1.10231,1.10231,0,0,0,0,0,0,0,0,0,0,0,0,0,0,0,0,0,0,0,0,0,0,0,0,0,0,0,0
Trinidad and Tobago,,0,0,0,0,0,0,0,0,0,0,0,0,0,0,0,0,0,0,0,0,0,0,0,0,0,0,0,0,0,0,0,0,0
Turks and Caicos Islands,,0,0,0,0,0,0,0,0,0,0,0,0,0,0,0,0,0,0,0,0,0,0,0,0,0,0,0,0,0,0,0,0,0
Uruguay,,5.51156,4.40925,3.30693,2.20462,2.20462,1.10231,1.10231,1.10231,1.10231,1.10231,1.10231,0.55116,0.44092,2.28652,4.53601,3.64468,1.26766,1.27868,1.27868,1.94007,0.79366,1.59835,2.55736,1.92904,2.35895,3.04238,3.50535,4.29901,2.60145,3.00931,4.73994,2.84396,2.68964
Venezuela,,328.48879,281.0894,175.26751,227.07614,231.48539,317.46567,336.20496,256.83855,351.63732,372.58124,246.43273,0.68343,5.03756,42.97912,84.01817,7.95869,232.53258,52.01807,1463.08684,55.38012,198.98925,74.33988,27.09481,65.03637,212.29414,55.31398,173.14005,209.33995,212.88939,357.73311,328.48879,220.46227,330.69341
"Virgin Islands,  U.S.",,0,0,0,0,0,0,0,0,0,0,80.46873,135.5843,225.97383,253.53161,270.06628,275.57784,275.57784,277.78246,279.98709,281.0894,283.29402,0,0,0,0,0,0,0,0,0,0,0,0
"Virgin Islands, British",,0,0,0,0,0,0,0,0,0,0,0,0,0,0,0,0,0,0,0,0,0,0,0,0,0,0,0,0,0,0,0,0,0
Europe,,1410393.727,1423061.985,1441754.232,1468853.311,1505653.623,1572789.246,1588712.056,1603582.843,1572943.768,1587118.753,1480982.748,1326631.245,1243731.293,1174639.522,1125189.206,1110284.908,1112237.453,1086083.612,1055843.623,992115.0621,1043359.866,1041823.986,1031208.639,1056208.576,1051611.519,1037895.591,1059937.409,1084060.39,1036772.335,962454.5035,969364.8934,1022564.644,1026712.642
Albania,,1715.19648,1912.51021,2094.39158,2267.45447,2474.689,2710.58363,2685.23047,2678.6166,2792.15467,2462.56358,2344.61626,1308.44358,371.47893,244.71312,187.55828,88.18491,124.56118,42.99014,54.01326,131.17505,80.46873,93.69647,99.20802,99.20802,99.20802,84.87797,84.87797,84.87797,108.02651,238.09925,263.45241,338.40959,279.98709
Austria,,7820.8991,8286.07449,7669.88244,7842.94532,9095.17103,9088.55716,7497.92187,7568.46979,7020.62105,7058.09964,8076.63533,8560.55002,6186.17135,5597.53708,5610.76482,6795.74953,6677.80222,6824.40963,5799.26006,6268.8447,6743.9409,7103.2944,7206.91167,7700.74716,7187.07006,7284.07346,6944.56157,6168.53437,5878.62648,4538.21587,5428.88345,5575.49086,5161.02179
Belgium,,18163.88658,22297.55418,22449.67315,18347.97258,21008.9522,20810.53616,18343.56333,17236.84273,13964.0803,16228.22783,16577.66054,15585.58031,14464.52966,13237.65712,14363.11701,13826.29138,13314.81891,13063.49192,13255.2941,11500.41441,12913.57758,12009.68226,10397.00074,9738.92086,9439.09217,8535.19686,8170.3318,7330.37054,7490.20569,5176.45414,5488.40826,5017.72131,4752.06427
Bosnia and Herzegovina,,--,--,--,--,--,--,--,--,--,--,--,--,16534.67039,14330.04767,1543.2359,1807.79063,1862.9062,6010.90384,7754.76041,7464.85253,8197.88958,8074.43071,8633.30257,9273.74547,9359.72575,9947.25771,10835.72066,10604.23528,12222.42835,12362.4219,12711.8546,14926.39812,14427.05107
Bulgaria,,40742.53016,40439.80239,43737.01408,43823.79906,45319.33795,43649.32521,47026.80722,48852.23483,44872.89082,45221.22121,41626.58387,33121.48011,33519.19405,32206.34122,30765.51004,32736.23001,33079.26159,37642.83172,36833.70101,31913.67756,32261.34656,34665.77424,31701.00863,35124.33576,33834.21259,32335.20142,33283.18919,37165.5298,36385.09336,33241.30136,35992.67051,44364.72529,38278.86427
Croatia,,--,--,--,--,--,--,--,--,--,--,--,--,790.35724,847.5672,574.08376,295.41944,429.24004,588.01146,467.04932,308.65269,899.78039,877.43984,1082.46976,1256.63495,1332.69443,1281.98811,1203.724,1294.11354,1330.48981,963.42013,1289.70429,1350.33142,1473.79029
Cyprus,,0,0,0,0,57.32019,81.57104,60.62712,166.44902,100.31033,82.67335,119.04963,123.83476,28.6601,34.17165,29.76241,22.04623,12.12542,20.94392,28.6601,33.06934,54.01326,71.65024,58.4225,58.4225,63.93406,58.4225,60.62712,55.11557,45.19477,24.25085,29.76241,23.14854,15.43236
Czech Republic,,--,--,--,--,--,--,--,--,--,--,--,--,--,78854.94542,72771.28902,71435.28765,71130.38833,70029.84067,64519.38618,56045.91876,67044.78151,64751.97388,62490.03097,64165.54424,60413.27637,62148.31445,63511.8736,64250.42221,59851.09758,56206.85622,56885.88002,57625.53094,54952.4259
Denmark,,10739.81958,9236.26688,10646.12311,9595.62038,10262.51876,13500.00722,12973.10239,13409.61769,12505.72237,9957.17851,11074.92223,14948.44435,12216.9168,13063.49192,14343.27541,12175.02897,16590.88827,12323.841,10411.33079,8510.94601,7364.54219,7748.14655,7651.14315,10541.40353,8126.23934,6974.32397,10148.98069,8751.24988,7573.98135,7500.12649,7185.96775,6112.31649,4625.29846
Faroe Islands,,0,0,0,0,0,0,0,0,0,0,0,0,0,0,0,0,0,0,0,0,0,0,0,0,0,0,0,0,0,0,0,0,0
Finland,,8014.9059,6947.8685,4555.85285,4735.5296,5434.395,7082.35048,6232.46843,7504.53574,7276.35728,7193.68393,7091.16898,6982.2562,6077.04253,7195.88855,8983.83758,7508.94498,8812.53839,8203.40114,6219.24069,6224.75225,6311.83484,7263.12955,7805.46674,10354.0106,9468.85458,5643.83416,8997.06532,8405.12412,6046.17781,6293.09555,8184.66184,6470.56768,5417.86033
Former Czechoslovakia,,134052.0844,133672.8893,134755.3591,137836.3193,143267.9586,140287.8598,140848.9363,139465.5355,136983.1303,129968.0209,119482.4053,107881.9782,101375.1665,--,--,--,--,--,--,--,--,--,--,--,--,--,--,--,--,--,--,--,--
Former Serbia and Montenegro,,--,--,--,--,--,--,--,--,--,--,--,--,42808.26165,41139.36225,37812.58657,45486.87825,44959.97342,47412.6162,49360.40037,36790.74394,45242.16513,45324.83848,47477.65257,50096.74436,50794.50745,46305.89559,--,--,--,--,--,--,--
Former Yugoslavia,,48673.56118,58541.52964,62438.11211,68159.10806,76499.30604,81621.74693,81864.25543,82707.52362,84509.80269,85305.67149,83156.16434,81067.28431,--,--,--,--,--,--,--,--,--,--,--,--,--,--,--,--,--,--,--,--,--
France,,55984.18933,50830.88372,51088.82458,46040.23855,44274.33576,42486.38673,34973.08762,30746.77075,24124.0841,32538.02671,33829.93562,35682.94086,31544.84418,25013.64937,24566.11096,25682.75237,27925.95598,24091.01476,28914.72927,25628.73911,24695.08139,20684.87266,22257.87097,23708.51272,22469.51475,23323.80606,21562.3125,22426.52461,21122.49027,18856.13812,20070.88523,17191.64796,19015.97326
Germany,,--,--,--,--,--,--,--,--,--,--,--,407944.4903,362204.0804,334978.0921,314276.6881,300723.6939,295808.5603,281005.621,268773.834,257561.663,269814.8789,278151.7369,278407.2637,277307.3664,280407.066,270789.3993,270533.6631,281443.2386,267881.502,247866.8346,255957.8,262245.384,269434.6587
"Germany, East",,296752.1388,303080.5083,309555.4852,312280.3989,332735.9908,346788.256,349571.5922,350139.2826,348809.8951,340356.2692,321263.1342,--,--,--,--,--,--,--,--,--,--,--,--,--,--,--,--,--,--,--,--,--,--
"Germany, West",,238281.4657,240606.9789,235831.722,235910.0302,240555.7766,227079.8218,224532.3582,214719.0313,212853.8103,212875.9998,212419.0146,--,--,--,--,--,--,--,--,--,--,--,--,--,--,--,--,--,--,--,--,--,--
Gibraltar,,0,0,0,0,0,0,0,0,0,0,0,0,0,0,0,0,0,0,0,0,0,0,0,0,0,0,0,0,0,0,0,0,0
Greece,,25628.73911,30168.05729,30599.06103,36044.47915,36249.50906,41908.77558,43946.94928,49019.78616,56218.98165,58635.24815,58946.09995,58544.85862,62202.32771,62447.04083,65507.05716,64434.50821,65721.34649,66147.50006,68238.58471,68321.25806,72406.42396,75493.99808,76814.56709,78160.48926,78964.07424,77892.6276,71720.7863,73948.55755,71822.19894,72257.61193,64274.67306,66544.33215,70352.8179
Hungary,,31759.79489,31552.56036,32641.64398,31165.64907,31548.15111,29783.35062,29311.56136,29117.55456,26977.96821,25350.95665,22945.71326,22318.4981,20486.45662,19863.6507,18532.05858,18615.83424,19218.79855,18798.81793,18071.29243,18306.08475,16578.76285,16868.67073,15850.13504,16362.70982,14981.51369,12924.60069,13059.08268,13019.39947,12757.04936,11655.84032,11822.28933,12479.2669,12020.70538
Iceland,,30.86472,50.70632,52.91095,76.05948,105.82189,113.53807,125.66349,101.41265,103.61727,108.02651,104.71958,106.9242,74.95717,74.95717,112.43576,91.49184,106.9242,93.69647,110.23114,95.90109,163.14208,154.32359,160.93746,152.11897,171.96057,165.3467,147.70972,177.47213,155.4259,142.19817,149.91434,151.01666,162.03977
Ireland,,1177.26853,1431.90246,1451.74406,1653.46704,1652.36473,1772.51667,2576.10165,3591.33041,3582.51192,3815.09962,3600.1489,3580.3073,3284.88785,3247.40927,3040.17473,3020.33313,3367.5612,3142.68969,3263.94394,2798.76854,3328.98031,3409.44904,3179.06596,3180.16827,3265.04625,3410.55135,2996.08228,2886.95345,2587.12476,2138.48404,2302.72843,2352.33244,2766.80151
Italy,,19244.15171,20888.80026,22741.78566,20135.9216,24671.93285,26875.45326,23564.10993,24713.82068,23366.7962,23089.01374,24772.24318,23181.60789,20369.61161,17725.16666,18711.73533,19966.16566,18319.31248,18433.95287,19261.7887,19209.98006,20480.94506,21904.02903,22747.29722,24754.6062,27794.78093,27497.15686,27796.98555,27974.45768,27203.94204,21057.4539,23370.10313,26419.09635,26081.78908
Kosovo,,--,--,--,--,--,--,--,--,--,--,--,--,--,--,--,--,--,--,--,--,--,--,--,--,--,--,--,--,8201.19651,9357.52113,9813.87803,9488.69618,9641.91746
Luxembourg,,2924.43204,2366.66249,2175.96262,2002.89974,2304.93305,2255.32904,2063.52687,1675.51327,1760.39124,1846.37153,1812.19988,1705.27567,1608.27227,1661.18322,1442.92557,813.50578,766.10639,487.22162,167.55133,168.65364,190.69987,211.64378,126.76581,97.0034,141.09585,135.5843,163.14208,134.48199,128.97043,115.74269,113.53807,99.20802,91.49184
Macedonia,,--,--,--,--,--,--,--,--,--,--,--,--,7503.43342,7618.07381,7975.22269,8195.68496,8082.14689,8314.73458,9370.74887,8498.82058,8660.86035,9353.11189,8092.06769,8355.52011,8340.08775,8256.31208,7599.33451,7762.47659,8588.1078,8247.49359,7677.59862,8891.24343,8428.27265
Malta,,1.10231,1.10231,26.45547,57.32019,103.61727,233.69001,160.93746,200.62067,270.06628,334.00034,330.69341,267.86166,225.97383,330.69341,231.48539,40.78552,0,0,0,0,0,0,0,0,0,0,0,0,0,0,0,0,0
Montenegro,,--,--,--,--,--,--,--,--,--,--,--,--,--,--,--,--,--,--,--,--,--,--,--,--,--,--,1585.12374,1283.09042,1903.69172,1032.86574,2060.21993,2126.35861,2146.20022
Netherlands,,6654.65368,7654.45008,6193.88753,8596.92629,10865.48307,10868.79,10975.71421,11426.55955,13665.35392,13852.74686,14947.34204,13614.6476,13358.91137,13791.01742,15023.40152,15631.87739,14903.24958,14924.1935,15315.51403,13151.67683,13977.30804,14854.74788,14804.04156,15155.67888,14926.39812,14209.89574,13681.88859,14858.05482,14061.0837,13191.36004,13247.57792,13072.31041,14377.44706
Norway,,1601.65841,1490.32496,1498.04114,1499.14345,1822.12068,1858.49695,1651.26242,1570.79369,1611.57921,1585.12374,1408.75392,1280.8858,1254.43033,1388.91231,1612.68152,1673.30864,1641.34161,1682.12713,1750.47044,1736.14039,1717.4011,1543.2359,1329.3875,1289.70429,1515.67812,1268.76037,1165.14311,1315.05745,1404.34467,917.12305,1246.71415,1382.29844,1385.60538
Poland,,221122.5564,199836.9241,208031.5067,212671.1352,226960.3974,238406.7985,247267.1772,258260.5284,253079.665,242054.3468,202177.1311,201676.8074,191766.9026,193421.472,183862.2278,184591.958,188789.5596,181895.7044,168152.0863,161761.9874,158488.0234,151770.1081,149948.7591,154154.9367,153518.903,150165.6719,154818.5281,149579.2422,148914.5485,140908.4611,147870.6596,153281.9061,146665.8333
Portugal,,777.57043,697.54263,579.26462,731.05289,691.14922,1297.42047,2478.98802,3184.13659,3712.3642,4528.29506,4857.88616,5094.29337,5196.18552,5490.61288,5776.11152,6253.41234,5994.36917,6046.17781,5495.02213,6705.36,6730.71316,5685.72199,6271.04932,5921.61662,6086.96333,6041.76856,6030.74545,5231.56971,4585.61526,5158.81716,2981.75223,4078.55203,5372.66557
Romania,,44974.30347,48465.25741,48614.68673,57344.33131,57805.09746,60348.24,62070.05034,67078.95316,76168.61263,77723.97396,51971.77598,43321.93874,48619.64713,48853.33714,49507.00778,50193.74776,50123.19983,42065.30379,34568.48423,30790.86321,35648.74937,38170.83776,38363.74225,41821.69298,40411.83675,40325.85647,45193.66343,44505.82114,44473.85411,38683.41254,35945.27112,42958.17599,39581.7963
Serbia,,--,--,--,--,--,--,--,--,--,--,--,--,--,--,--,--,--,--,--,--,--,--,--,--,--,--,49721.95849,49839.90581,43794.83031,43812.4673,42402.61107,47303.48737,43306.50638
Slovakia,,--,--,--,--,--,--,--,--,--,--,--,--,--,15933.9107,13710.54869,13948.64794,13561.73666,12383.36581,11529.07451,10876.50618,9896.55139,10122.52521,9693.7261,10227.24479,9845.84506,9290.28014,9555.93718,8824.00243,8992.65607,8567.16389,8415.04492,8229.85661,7700.74716
Slovenia,,--,--,--,--,--,--,--,--,--,--,--,--,6512.45551,6183.96673,5823.51091,5837.84096,5539.11458,6218.13838,5950.27672,5503.84062,5507.14755,5795.95313,6232.46843,5962.40214,5993.26686,5788.23695,5827.92016,5859.88719,5772.80459,5480.69208,5453.1343,5582.10472,5612.96944
Spain,,34073.54643,45245.47206,50081.312,52697.09685,52113.97414,53695.79095,51971.77598,50333.7413,42279.15219,53343.05131,51630.05946,52481.01076,52225.30759,48995.53531,47526.15427,47590.08832,40482.38468,45212.40272,43727.58932,47794.01593,49721.95849,45634.58797,50532.15734,46675.1699,49592.98807,48350.68316,42539.29768,46144.95813,28553.17115,21487.35533,15929.50146,26373.90159,31635.23371
Sweden,,2830.73557,2451.54046,2730.42524,3473.38309,4182.1693,4903.08093,5052.99527,4963.70805,4932.84333,4455.54252,4463.25869,4175.55543,3870.21518,3960.60471,4326.00274,4178.86236,4447.82634,3807.38344,3636.52518,3504.24781,3538.41946,3966.11627,4003.59486,3728.01702,4117.13293,3703.76617,3836.04353,3831.63429,3310.24101,2519.88377,3401.73286,3464.5646,3112.92728
Switzerland,,491.63087,741.85554,666.89837,579.81578,799.17574,795.8688,693.35385,642.64752,552.25799,572.0996,586.42964,493.83549,346.12577,287.70326,291.0102,311.95411,234.79232,180.77906,149.91434,157.63052,227.07614,243.61081,224.87152,231.48539,221.56458,261.24779,271.16859,318.56798,287.70326,267.86166,271.16859,256.83855,230.38307
Turkey,,22599.58749,23822.05079,26490.74659,29969.64124,35238.68954,46190.1529,55219.18524,53965.19584,46012.68077,60648.06869,59989.98881,63546.04525,65960.10713,60476.10812,65569.88891,67339.09864,73280.55687,80095.04569,86283.42167,83690.78535,88845.19327,80291.25712,73238.66904,71060.50179,71419.8553,85232.91894,92449.75141,108917.1808,108836.7121,108913.8739,105732.6033,111897.8307,108396.8899
United Kingdom,,133560.4536,130343.909,122355.4586,123315.5718,87553.28435,116294.9507,122972.753,128541.63,122836.0664,125929.152,119377.0133,118033.6088,110743.7107,96144.70129,90779.74529,78971.50382,76928.10516,68894.45997,68409.44297,60659.0918,65627.2091,69529.39131,64327.58401,69491.91273,67307.13161,68261.73325,74440.18842,69668.28254,64501.7492,53273.60569,55392.24813,54889.59415,69807.17378
Eurasia,,751332.1157,748106.7527,770504.6172,763734.2208,769601.8242,778867.8535,802557.6269,806942.6215,821181.1773,777312.4922,848468.895,672436.3848,575720.6884,533014.9417,477192.7922,445980.846,425294.871,385633.0469,371849.3048,376010.5302,380479.3004,359426.2558,371706.0043,385990.8572,380171.7555,381375.4796,399101.7706,394829.0795,415991.1427,353292.5544,406972.2516,419332.4689,464979.1823
Armenia,,--,--,--,--,--,--,--,--,--,--,--,--,155.4259,3.30693,39.68321,3.30693,5.51156,5.51156,5.51156,3.30693,0,0,19.8416,29.76241,0,0,1.12436,3.30693,2.20462,0,1.10231,0,0
Azerbaijan,,--,--,--,--,--,--,--,--,--,--,--,--,29.76241,7.71618,8.81849,12.12542,12.12542,6.61387,1.10231,0,0,0,0,0,0,0,0,0,0,0,0,0,0
Belarus,,--,--,--,--,--,--,--,--,--,--,--,--,2050.29913,1772.51667,1321.67132,1240.10028,1230.17948,892.8722,925.94154,662.48913,650.3637,575.40653,458.56153,415.57138,357.14888,271.16859,235.89463,180.77906,168.65364,159.83515,165.3467,192.90449,223.76921
Estonia,,--,--,--,--,--,--,--,--,--,--,--,--,229.28076,151.01666,72.75255,58.4225,42.99014,23.14854,83.77566,97.0034,94.79878,124.56118,69.44562,48.5017,63.93406,61.72944,77.1618,142.19817,135.5843,103.61727,63.93406,78.26411,69.44562
Former U.S.S.R.,,751332.1157,748106.7527,770504.6172,763734.2208,769601.8242,778867.8535,802557.6269,806942.6215,821181.1773,777312.4922,848468.895,672436.3848,--,--,--,--,--,--,--,--,--,--,--,--,--,--,--,--,--,--,--,--,--
Georgia,,--,--,--,--,--,--,--,--,--,--,--,--,580.91809,311.95411,403.44596,48.5017,27.55778,19.18022,38.5809,30.86472,29.76241,25.35316,25.35316,54.01326,15.43236,19.8416,17.63698,52.91095,131.17505,249.12237,124.56118,162.03977,288.80558
Kazakhstan,,--,--,--,--,--,--,--,--,--,--,--,--,100107.5084,91505.07058,87641.46926,72361.2292,64720.00685,54227.10502,54343.95002,50989.61656,49238.04381,52736.78006,54317.49455,59202.9385,69585.60919,71368.04666,76565.44472,81095.94441,87042.91419,80357.3958,86714.42541,95375.28576,104786.8202
Kyrgyzstan,,--,--,--,--,--,--,--,--,--,--,--,--,2734.83448,2444.9266,2237.69206,1298.52278,1127.66452,1356.94528,1350.33142,1343.71755,1244.50952,882.9514,1370.17302,1597.24916,1485.91571,1316.15976,1211.44018,1113.33447,1522.29199,1391.11694,1848.57615,1957.70497,2444.9266
Latvia,,--,--,--,--,--,--,--,--,--,--,--,--,554.46261,669.103,473.99388,286.60095,272.27091,229.28076,173.06288,152.11897,119.04963,152.11897,123.45887,117.94732,112.43576,139.99354,149.91434,182.98369,184.086,148.81203,187.39293,209.43916,347.22808
Lithuania,,--,--,--,--,--,--,--,--,--,--,--,--,725.32087,731.93474,531.31408,410.05983,379.19511,300.931,259.04317,210.54147,158.73284,143.30048,246.91774,314.15874,306.44256,336.20496,466.27771,445.22356,375.66771,277.34154,349.4327,386.91129,369.27431
Moldova,,--,--,--,--,--,--,--,--,--,--,--,--,2958.60369,2574.99934,2534.21382,1500.24576,1300.7274,731.93474,621.70361,263.45241,210.54147,165.3467,176.36982,249.12237,207.23454,186.29062,213.8484,144.40279,218.25765,199.51836,209.43916,218.25765,170.85826
Russia,,--,--,--,--,--,--,--,--,--,--,--,--,325763.8715,312686.0495,284421.6839,270035.4184,278241.0241,253145.8037,238254.6796,247123.8768,252511.9747,230629.9919,240234.4308,243426.7245,235114.1945,233491.5922,240254.2724,230401.8134,249795.8795,204083.0274,244411.0885,245531.0368,274199.9507
Tajikistan,,--,--,--,--,--,--,--,--,--,--,--,--,508.16554,144.40279,88.18491,37.47859,22.04623,44.09245,35.27396,26.45547,33.06934,35.27396,48.5017,61.72944,111.33345,116.845,123.45887,209.43916,229.28076,235.89463,234.79232,274.47553,234.79232
Turkmenistan,,--,--,--,--,--,--,--,--,--,--,--,--,551.15568,440.92454,440.92454,220.46227,110.23114,60.62712,0,0,0,0,0,0,0,0,0,0,0,0,0,0,0
Ukraine,,--,--,--,--,--,--,--,--,--,--,--,--,132331.3764,114773.7611,92090.39791,94668.70418,74109.49501,71511.34714,72537.59901,71912.58847,72349.10377,70000.07826,70665.87433,77432.96376,69248.30192,70633.9073,76103.57626,76964.48143,72307.21594,61879.35048,68571.48274,70641.62348,77327.14187
Uzbekistan,,--,--,--,--,--,--,--,--,--,--,--,--,6439.70296,4797.25904,4886.54626,3799.66726,3693.84537,3077.65332,3218.74917,3194.49832,3839.35047,3955.09316,3949.5816,3040.17473,3563.77263,3433.69988,3681.71994,3892.26141,3877.93136,4207.52246,4090.67746,4304.52586,4516.16964
Middle East,,1071.44664,1254.43033,2314.85386,3058.91402,4382.78997,4721.19955,5105.90622,5368.25632,5316.44769,5633.91336,5565.57005,6189.62489,7312.73356,7747.04423,8788.72847,9296.89401,10870.99463,11850.94943,12608.23733,12404.41996,14245.94132,14888.36838,16176.30897,16668.38076,16868.8912,16565.53511,17764.18848,17993.02832,17772.56605,16218.30703,17471.63505,18646.69896,22576.43895
Bahrain,,0,0,0,0,0,0,0,0,0,0,0,0,0,0,0,0,0,0,0,0,0,0,0,0,0,0,0,0,0,0,0,0,0
Iran,,1058.21891,837.75663,1304.03434,1197.11014,1423.08397,1490.32496,1556.46364,1587.32836,1609.37458,1629.21619,1461.66486,1709.68492,1793.46058,1386.70769,2049.19682,1849.67846,1998.49049,2087.77771,2130.76786,2174.86031,2343.51395,1966.52347,2035.96908,2283.98914,2225.56663,2716.09519,2714.99288,2871.52109,2669.79811,1948.88648,2368.86711,2261.94291,2660.97962
Iraq,,1.10231,1.10231,1.10231,1.10231,1.10231,1.10231,1.10231,1.10231,1.10231,1.10231,2.20462,1.10231,0,0,0,0,0,0,0,0,0,0,0,0,0,0,0,0,0,0,0,0,0
Israel,,1.10231,399.03671,995.38716,1851.88308,2953.09213,3227.56766,3547.23795,3778.72334,3704.86848,4003.59486,4101.70057,4476.48643,5517.06835,6235.77536,6613.86816,7241.08332,8641.01875,9525.07246,10249.29102,10003.58582,11674.24892,12661.69943,13743.5078,13961.10406,14192.47922,13364.42292,14320.5678,14654.12721,14263.90899,13059.08268,13569.45284,13868.17921,16534.67039
Jordan,,0,0,0,0,0,0,0,0,0,0,0,0,0,0,0,0,0,0,0,0,0,0,0,0,0,0,0,0,0,0,0,0,0
Kuwait,,0,0,0,0,0,0,0,0,0,0,0,0,0,0,0,0,0,0,0,0,0,0,0,0,0,0,0,0,0,0,0,0,0
Lebanon,,6.61387,6.61387,3.30693,0,0,0,0,0,0,0,0,0,0,122.35656,123.45887,203.9276,225.97383,225.97383,220.46227,220.46227,220.46227,220.46227,220.46227,220.46227,220.46227,220.46227,220.46227,220.46227,220.46227,220.46227,248.02006,275.57784,345.02346
Oman,,0,0,0,0,0,0,0,0,0,0,0,0.14661,0,0,0,0,0,0,0,0,0,0,0,0,0,0,0,0,0,0,0,0,0
Palestinian Territories,,--,--,--,--,--,--,--,--,--,--,--,--,--,--,--,--,--,7.71618,2.20462,1.10231,3.30693,2.20462,4.40925,0,1.10231,0,0,0,0,0,0,0,0
Qatar,,0,0,0,0,0,0,0,0,0,0,0,0,0,0,0,0,0,0,0,0,0,0,0,0,0,0,0,0,0,0,0,0,0
Saudi Arabia,,0,0,0,0,0,0,0,0,0,0,0,0,0,0,0,0,0,0,0,0,0,0,0,0,0,0,0,0,0,0,0,0,0
Syria,,4.40925,9.9208,11.02311,8.81849,5.51156,2.20462,1.10231,1.10231,1.10231,0,0,2.20462,2.20462,2.20462,2.20462,2.20462,5.51156,4.40925,5.51156,4.40925,4.40925,4.40925,3.30693,4.40925,4.40925,4.40925,4.40925,4.40925,4.40925,4.40925,4.40925,4.40925,4.40925
United Arab Emirates,,0,0,0,0,0,0,0,0,0,0,0,0,0,0,0,0,0,0,0,0,0,33.06934,168.65364,198.41604,224.87152,260.14548,503.75629,242.5085,613.98743,985.46636,1280.8858,2236.58975,3031.35624
Yemen,,0,0,0,0,0,0,0,0,0,0,0,0,0,0,0,0,0,0,0,0,0,0,0,0,0,0,0,0,0,0,0,0,0
Africa,,112837.2337,124874.5807,132499.5869,136218.7899,146953.821,151626.9102,156054.8508,160924.7169,164213.0032,153657.3181,152483.168,157771.5321,161484.8597,160040.4262,174263.9862,175718.7406,177427.8038,183939.9582,174206.9557,182765.7397,188974.5496,192625.9209,185233.6988,200084.0971,212867.4042,207946.3106,210722.9983,216027.0049,230459.0091,224154.4572,223204.4169,219297.1288,220501.9551
Algeria,,672.40993,795.8688,860.90517,1274.27193,1531.11048,1070.34433,1182.78009,1105.61829,1236.79335,1341.51292,1226.87254,1301.82972,1111.12985,913.81612,827.83583,1201.51938,741.85554,402.34365,912.71381,943.57852,855.39361,911.61149,1037.27499,1115.5391,1176.16622,1119.94834,1073.65126,1236.79335,1235.69103,686.73998,561.07648,483.91469,482.81238
Angola,,0,0,0,0,0,0,0,0,0,0,0,0,0,0,0,0,0,0,0,0,0,0,0,0,0,0,0,0,0,0,0,0,0
Benin,,0,0,0,0,0,0,0,0,0,0,0,0,0,0,0,0,0,0,0,0,0,0,0,0,0,0,0,0,0,0,0,0,0
Botswana,,408.95751,443.12917,478.40313,460.76615,462.97077,513.73552,585.73849,688.29313,698.72541,748.51902,901.73589,883.91372,1003.60158,992.08022,1004.53414,1005.73015,857.86279,878.45066,1125.57013,1144.19919,1146.40381,1051.60504,1078.06051,935.86234,1027.35419,1104.51598,1079.16282,929.24848,1007.51258,817.91503,1093.49287,873.0306,820.11965
Burkina Faso,,0,0,0,0,0,0,0,0,0,0,0,0,0,0,0,0,0,0,0,0,0,0,0,0,0,0,0,0,0,0,0,0,0
Burundi,,0,0,0,0,0,0,0,0,0,0,0,0,0,0,0,0,0,0,0,0,0,0,0,0,0,0,0,0,0,0,0,0,0
Cameroon,,0,1.10231,1.10231,1.10231,1.10231,2.20462,1.10231,1.10231,1.10231,1.10231,1.10231,1.10231,1.10231,1.10231,1.10231,1.10231,1.10231,1.10231,1.10231,1.10231,1.10231,0,0,0,0,0,0,0,0,0,0,0,0
Cape Verde,,0,0,0,0,0,0,0,0,0,0,0,0,0,0,0,0,0,0,0,0,0,0,0,0,0,0,0,0,0,0,0,0,0
Central African Republic,,0,0,0,0,0,0,0,0,0,0,0,0,0,0,0,0,0,0,0,0,0,0,0,0,0,0,0,0,0,0,0,0,0
Chad,,0,0,0,0,0,0,0,0,0,0,0,0,0,0,0,0,0,0,0,0,0,0,0,0,0,0,0,0,0,0,0,0,0
Comoros,,0,0,0,0,0,0,0,0,0,0,0,0,0,0,0,0,0,0,0,0,0,0,0,0,0,0,0,0,0,0,0,0,0
Congo (Brazzaville),,0,0,0,0,0,0,0,0,0,0,0,0,0,0,0,0,0,0,0,0,0,0,0,0,0,0,0,0,0,0,0,0,0
Congo (Kinshasa),,281.0894,289.90789,273.37322,262.3501,265.65704,268.96397,277.78246,282.19171,315.26105,275.57784,241.40619,251.32699,255.73624,263.45241,267.86166,320.77261,273.37322,273.37322,276.68015,276.68015,256.83855,251.32699,259.04317,274.47553,292.11251,315.26105,332.89803,353.84195,375.88817,385.80898,413.36676,440.92454,434.31068
Cote dIvoire (IvoryCoast),,0,0,0,0,0,0,0,0,0,0,0,0,0,0,0,0,0,0,0,0,0,0,0,0,0,0,0,0,0,0,0,0,0
Djibouti,,0,0,0,0,0,0,0,0,0,0,0,0,0,0,0,0,0,0,0,0,0,0,0,0,0,0,0,0,0,0,0,0,0
Egypt,,864.21211,1367.9684,1525.59892,1075.85589,1205.92863,1317.26207,1373.47995,1439.61864,1537.72435,1592.83991,1358.04759,1287.4677,1248.42273,1632.66642,1769.20973,1184.98471,1639.13699,1373.47995,1340.41061,1224.66792,1510.16656,1290.8066,1415.36779,1467.17642,1500.24576,1467.17642,1581.8168,1629.21619,1622.60232,1451.74406,1749.36813,1699.76412,1821.01837
Equatorial Guinea,,0,0,0,0,0,0,0,0,0,0,0,0,0,0,0,0,0,0,0,0,0,0,0,0,0,0,0,0,0,0,0,0,0
Eritrea,,--,--,--,--,--,--,--,--,--,--,--,--,--,--,0,0,0,0,0,0,0,0,0,0,0,0,0,0,0,0,0,0,0
Ethiopia,,0,0,0,0,0,0,0,0,0,0,0,0,0,0,0,0,0,0,0,0,0,0,0,0,0,0,0,0,0,0,0,0,0
Gabon,,0,0,0,0,0,0,0,0,0,0,0,0,0,0,0,0,0,0,0,0,0,0,0,0,0,0,0,0,0,0,0,0,0
"Gambia, The",,0,0,0,0,0,0,0,0,0,0,0,0,0,0,0,0,0,0,0,0,0,0,0,0,0,0,0,0,0,0,0,0,0
Ghana,,2.20462,2.20462,2.20462,2.20462,2.20462,2.20462,2.20462,3.30693,3.30693,3.30693,3.30693,3.30693,3.30693,3.30693,3.30693,3.30693,3.30693,3.30693,0,0,0,0,0,0,0,0,0,0,0,0,0,0,0
Guinea,,0,0,0,0,0,0,0,0,0,0,0,0,0,0,0,0,0,0,0,0,0,0,0,0,0,0,0,0,0,0,0,0,0
Guinea-Bissau,,0,0,0,0,0,0,0,0,0,0,0,0,0,0,0,0,0,0,0,0,0,0,0,0,0,0,0,0,0,0,0,0,0
Kenya,,18.73929,100.31033,51.80863,36.37627,92.59415,100.31033,94.79878,101.41265,125.66349,145.5051,167.55133,146.60741,175.26751,145.5051,136.68661,173.06288,159.83515,163.14208,132.27736,127.86812,117.94732,117.94732,176.36982,165.3467,192.90449,159.83515,213.8484,196.21142,195.10911,169.75595,295.41944,418.87832,529.10945
Lesotho,,0,0,0,0,0,0,0,0,0,0,0,0,0,0,0,0,0,0,0,0,0,0,0,0,0,0,0,0,0,0,0,0,0
Liberia,,0,0,0,0,0,0,0,0,0,0,0,0,0,0,0,0,0,0,0,0,0,0,0,0,0,0,0,0,0,0,0,0,0
Libya,,1.10231,1.10231,1.10231,1.10231,1.10231,1.10231,2.20462,2.20462,2.20462,4.40925,5.51156,5.51156,5.51156,4.40925,5.51156,5.51156,5.51156,5.51156,0,0,0,0,0,0,0,0,0,0,0,0,0,0,0
Madagascar,,11.02311,13.22774,13.22774,12.12542,7.71618,4.40925,12.12542,13.22774,13.22774,14.33005,14.33005,14.33005,14.33005,15.43236,13.22774,11.02311,11.02311,13.22774,13.22774,8.81849,11.02311,11.02311,11.02311,11.02311,11.02311,18.80984,16.62396,11.24688,14.58578,15.93612,16.53467,16.53467,16.53467
Malawi,,71.65024,52.91095,67.24099,48.5017,45.19477,36.37627,30.86472,30.86472,17.63698,12.12542,19.8416,12.12542,13.22774,16.53467,18.73929,18.73929,18.73929,18.73929,14.21982,60.54996,68.56377,51.56613,75.00126,70.61407,67.13076,65.25683,65.1466,67.46146,56.62573,52.91095,59.52481,59.52481,59.52481
Mali,,0,0,0,0,0,0,0,0,0,0,0,0,0,0,0,0,0,0,0,0,0,0,0,0,0,0,0,0,0,0,0,0,0
Mauritania,,6.61387,6.61387,7.71618,7.71618,7.71618,7.71618,5.51156,6.61387,6.61387,6.61387,6.61387,6.61387,6.61387,6.61387,6.61387,4.40925,3.30693,2.20462,1.10231,0,0,0,0,0,0,0,0,0,0,0,0,0,0
Mauritius,,1.10231,2.20462,1.10231,15.43236,26.45547,39.68321,50.70632,41.88783,45.19477,82.67335,82.67335,72.75255,79.36642,69.44562,38.5809,69.44562,45.19477,49.60401,78.26411,149.91434,279.3257,329.03994,345.02346,348.77131,318.34752,401.24133,534.62101,631.62441,718.70701,656.97757,736.34399,728.62781,728.62781
Morocco,,1459.46024,1527.80354,1650.16011,1868.41775,1817.71143,1876.13393,2526.49764,2580.51089,2544.13462,2544.13462,2527.59995,2860.49798,2565.07853,2878.13496,3163.6336,3615.58126,4176.65774,3831.63429,4369.56223,4008.0041,4463.25869,5625.09487,5762.88379,5390.30255,5132.36169,5443.21349,5429.98576,5532.50071,4918.51329,4518.37426,4662.77705,4972.52654,5045.27909
Mozambique,,317.46567,324.07954,267.86166,199.51836,137.78892,116.845,112.43576,69.44562,71.65024,70.54793,63.93406,68.3433,66.13868,66.13868,66.13868,61.72944,0,0,0,0,0,0,0,0,0,0,0,9.9208,11.02311,11.02311,11.02311,28.6601,80.46873
Namibia,,--,--,--,--,--,--,--,0,0,0,0,16.53467,13.22774,99.20802,110.23114,17.63698,15.43236,12.12542,18.73929,6.61387,3.30693,4.40925,0,8.81849,1.10231,22.04623,70.54793,84.87797,116.845,54.01326,38.5809,14.33005,13.22774
Niger,,22.04623,33.06934,49.60401,143.30048,165.3467,166.44902,136.68661,180.77906,170.85826,188.49524,189.59755,189.59755,187.39293,189.59755,189.59755,190.69987,190.69987,191.80218,191.80218,192.90449,174.38566,180.00745,201.61275,208.22662,255.51467,206.71865,187.2816,200.67799,198.39951,208.9817,261.94445,262.3501,262.3501
Nigeria,,198.41604,132.27736,67.24099,63.93406,83.77566,154.32359,123.45887,119.04963,67.24099,60.62712,69.44562,78.0723,104.71958,39.68321,35.27396,29.76241,16.53467,18.73929,20.94392,23.14854,8.81849,3.30693,47.39939,25.35316,8.81849,8.81849,8.81849,25.35316,38.5809,37.47859,41.88783,35.27396,35.27396
Reunion,,0,0,0,0,0,0,0,0,0,0,0,0,0,0,0,0,0,0,0,0,0,0,0,0,0,0,0,0,0,0,0,0,0
Rwanda,,0,0,0,0,0,0,0,0,0,0,0,0,0,0,0,0,0,0,0,0,0,0,0,0,0,0,0,0,0,0,0,0,0
Saint Helena,,0,0,0,0,0,0,0,0,0,0,0,0,0,0,0,0,0,0,0,0,0,0,0,0,0,0,0,0,0,0,0,0,0
Sao Tome and Principe,,0,0,0,0,0,0,0,0,0,0,0,0,0,0,0,0,0,0,0,0,0,0,0,0,0,0,0,0,0,0,0,0,0
Senegal,,0,0,0,0,0,0,0,0,0,0,0,0,0,0,0,0,0,0,0,0,0,0,0,0,139.99354,167.55133,184.086,236.99694,236.99694,279.98709,291.0102,298.72638,444.23148
Seychelles,,0,0,0,0,0,0,0,0,0,0,0,0,0,0,0,0,0,0,0,0,0,0,0,0,0,0,0,0,0,0,0,0,0
Sierra Leone,,0,0,0,0,0,0,0,0,0,0,0,0,0,0,0,0,0,0,0,0,0,0,0,0,0,0,0,0,0,0,0,0,0
Somalia,,0,0,0,0,0,0,0,0,0,0,0,0,0,0,0,0,0,0,0,0,0,0,0,0,0,0,0,0,0,0,0,0,0
South Africa,,104765.8762,116367.7033,123517.2948,127346.7244,137489.0913,141768.264,144634.2735,148041.5179,151315.3826,140487.3782,139081.9312,143638.5104,147390.0001,146389.6812,160745.0038,162260.5628,163936.2888,171665.1978,160838.7432,169104.4834,175009.5653,177859.0402,170121.9167,185925.8704,198819.9559,193348.7194,196079.1446,201156.3908,216854.4068,211824.5601,209698.2015,205404.6987,206328.4357
Sudan and South Sudan,,0,0,0,0,0,0,0,0,0,0,0,0,0,0,0,0,0,0,0,0,0,0,0,0,0,0,0,0,0,0,0,0,0
Swaziland,,194.0068,180.77906,180.77906,112.43576,137.78892,182.98369,189.59755,181.88137,181.88137,181.88137,176.36982,135.72209,110.78229,54.83999,200.89625,188.77082,142.61153,234.41511,234.41511,242.98988,221.58674,225.65228,203.08709,180.52178,175.41213,116.75175,170.41734,177.40445,182.21207,141.5941,138.89123,138.89123,138.89123
Tanzania,,2.20462,2.20462,2.20462,4.40925,3.30693,4.40925,4.40925,3.30693,3.30693,3.30693,4.40925,4.40925,4.40925,48.5017,50.70632,48.5017,62.83175,30.86472,49.60401,82.67335,87.0826,85.98029,87.0826,60.62712,71.65024,34.17165,19.8416,29.76241,16.53467,27.55778,51.80863,49.60401,105.82189
Togo,,0,0,0,0,0,0,0,0,0,0,0,0,0,0,0,0,0,0,0,0,0,0,0,0,0,0,0,0,0,0,0,0,0
Tunisia,,99.20802,114.64038,79.36642,115.74269,119.04963,113.53807,102.51496,114.64038,138.89123,135.5843,121.25425,124.53473,127.86812,131.17505,121.25425,109.12882,119.04963,119.04963,95.90109,136.68661,128.97043,117.94732,100.31033,28.6601,0,0,0,0,0,0,0,0,0
Uganda,,0,0,0,0,0,0,0,0,0,0,0,0,0,0,0,0,0,0,0,0,0,0,0,0,0,0,0,0,0,0,0,0,0
Western Sahara,,0,0,0,0,0,0,0,0,0,0,0,0,0,0,0,0,0,0,0,0,0,0,0,0,0,0,0,0,0,0,0,0,0
Zambia,,657.21126,560.31478,667.55755,500.01064,560.25857,546.26142,597.67322,504.89388,566.20333,447.01261,344.31357,355.48439,449.89626,353.69534,155.05773,156.99118,252.07766,350.42478,226.83363,137.69633,141.09585,146.60741,151.01666,159.83515,119.04963,154.32359,63.93406,15.43236,1.10231,1.10231,0,0,0
Zimbabwe,,2782.23387,2555.15773,2733.73217,2666.49118,2789.95005,3333.38955,4008.0041,5412.34878,5149.99867,5309.83382,5875.31955,6312.93716,6547.72948,5725.4052,5332.98236,5039.76754,4755.37121,4301.21892,4264.84265,4893.16012,4489.71417,4362.94836,4161.22538,3707.0731,3558.26107,3791.95108,3611.17201,3502.04319,2657.67269,2811.99628,3083.16487,3370.86814,3155.91742
Asia & Oceania,,1078386.471,1117312.654,1177440.095,1237601.678,1374696.393,1473121.843,1533385.573,1617429.757,1726793.97,1756436.507,1780562.575,1846595.218,1891844.144,1954479.895,2084664.082,2154489.817,2248117.199,2224160.075,2247618.859,2289467.426,2445650.096,2524491.076,2635578.038,2968793.926,3365553.897,3678925.752,3973913.464,4220959.301,4390607.026,4751905.492,5098880.443,5482100.613,5444044.028
Afghanistan,,131.17505,137.78892,159.83515,159.83515,163.14208,166.44902,176.36982,184.086,152.11897,139.99354,115.74269,103.61727,8.81849,7.71618,6.61387,5.51156,3.30693,2.20462,2.20462,1.10231,1.10231,28.6601,23.14854,38.5809,37.47859,36.37627,38.5809,267.86166,382.50204,551.15568,799.17574,799.17574,826.73352
American Samoa,,0,0,0,0,0,0,0,0,0,0,0,0,0,0,0,0,0,0,0,0,0,0,0,0,0,0,0,0,0,0,0,0,0
Australia,,73439.28971,77464.93079,78820.77376,83008.45462,89322.49409,91623.01789,87284.32038,99286.28646,92988.78167,103667.9741,103720.8851,108077.2196,111208.8861,109060.4813,109750.5282,112243.9565,120434.1299,126833.0473,137690.8142,140661.5433,140919.4842,140991.1344,143245.3612,142259.8948,145830.2813,153039.3976,155376.2977,154765.6172,153922.349,158349.2314,152179.5947,147283.1277,150605.4941
Bangladesh,,259.04317,271.16859,329.5911,179.67675,68.3433,108.02651,163.14208,256.83855,222.66689,275.57784,620.6013,198.41604,186.29062,69.44562,65.03637,707.68389,388.0136,712.09314,205.02991,101.41265,727.5255,771.61795,805.7896,847.67744,900.58838,952.39701,1009.71721,1487.01802,1385.60538,1426.3909,1647.95548,2010.61592,2204.62272
Bhutan,,1.15743,1.20152,1.21254,1.32277,0.99208,1.10231,1.433,20.75652,22.04623,19.8416,19.8416,19.8416,20.94392,12.12542,49.60401,57.32019,65.03637,78.26411,74.95717,72.75255,72.75255,60.18179,70.07063,45.98623,10.21732,40.67749,35.73693,32.9536,47.09956,23.66552,31.96262,36.37627,36.37627
Brunei,,2.20462,0,0,0,0,0,0,0,0,0,0,0,0,0,0,0,0,0,0,0,0,0,0,0,0,0,0,0,0,0,0,0,0
Burma (Myanmar),,83.77566,111.33345,139.99354,124.56118,139.99354,149.91434,125.66349,84.87797,74.95717,91.49184,91.49184,97.0034,95.90109,78.26411,71.65024,80.46873,65.03637,63.93406,66.13868,211.64378,639.34059,707.68389,541.23488,943.57852,514.7794,632.72672,807.99423,854.2913,737.4463,683.43304,756.18559,763.90177,1298.52278
Cambodia,,0,0,0,0,0,0,0,0,0,0,0,0,0,0,0,0,0,0,0,0,0,0,0,0,0,0,0,0,0,34.17165,37.47859,47.39939,62.83175
China,,678511.2227,679895.7258,725970.136,768223.935,844845.5976,911212.4576,962279.236,1027245.058,1097726.847,1113417.146,1123479.045,1161425.011,1199480.106,1241246.683,1341647.958,1382190.418,1467938.117,1399064.601,1399135.149,1393404.232,1492890.037,1523838.53,1608370.379,1911772.432,2209047.397,2484106.048,2721728.001,2890335.342,3017004.145,3320622.581,3605855.566,3954134.147,3887263.917
Cook Islands,,0,0,0,0,0,0,0,0,0,0,0,0,0,0,0,0,0,0,0,0,0,0,0,0,0,0,0,0,0,0,0,0,0
Fiji,,23.14854,19.8416,25.35316,19.8416,24.25085,17.63698,16.53467,5.51156,8.81849,17.63698,26.45547,19.8416,22.04623,22.04623,22.04623,22.04623,24.25085,24.25085,22.04623,19.8416,18.73929,16.53467,17.96768,18.18814,0.22046,0,0,0,0,0,0,0,0
French Polynesia,,0,0,0,0,0,0,0,0,0,0,0,0,0,0,0,0,0,0,0,0,0,0,0,0,0,0,0,0,0,0,0,0,0
Guam,,0,0,0,0,0,0,0,0,0,0,0,0,0,0,0,0,0,0,0,0,0,0,0,0,0,0,0,0,0,0,0,0,0
Hawaiian Trade Zone,,0,0,0,0,0,0,0,--,--,--,--,--,--,--,--,--,--,--,--,--,--,--,--,--,--,--,--,--,--,--,--,--,--
Hong Kong,,30.49875,140.05307,1832.10762,3936.71653,4885.06585,6278.79527,6889.87039,8863.91492,10780.44967,11612.57239,10378.33971,9274.80589,11547.79727,13329.5998,9604.18093,10328.55603,8237.92663,7068.75899,8601.8911,7046.58269,6678.34235,8854.81534,9606.75483,11754.57324,11785.31891,11932.57999,12562.55645,13515.92239,12505.85796,13593.45456,11380.59207,13810.72344,13614.35549
India,,122928.6605,144012.5699,150294.6423,157906.1023,186706.1911,194065.2218,208829.5801,210933.8925,221891.9697,236378.5456,247863.5277,269813.8538,282124.4671,296213.1085,315046.0981,333305.8858,318614.28,342976.4633,354648.8383,381496.7338,396197.1581,411866.5141,419592.6144,432120.383,481348.506,504908.2067,539411.6545,587255.2745,619450.4824,687032.0895,699191.6861,720346.1434,744518.7292
Indonesia,,645.55762,792.07685,643.52937,704.20059,1222.45227,1757.04021,3957.91508,4260.20192,4876.48215,6571.47326,7198.97503,6489.63767,7511.25983,11577.57621,13801.79802,11590.32664,16149.90861,14865.89445,17712.36221,21573.33562,23090.11605,30127.27177,32204.02637,32251.42576,42166.71644,45436.17193,54553.38918,60171.87018,55205.95751,63807.29305,63773.12139,65825.62515,66403.2363
Japan,,97571.08999,105749.9784,103736.9323,99055.81609,111415.0184,117477.7308,107358.5126,109900.4425,122407.2672,122564.8978,126610.3804,128773.1153,125305.2438,126749.2717,136316.232,140762.956,142223.5185,148322.6073,140576.6654,153131.9918,168798.0408,173205.0816,179202.7577,185306.2557,203364.3204,196281.9699,198108.4999,207580.6614,203803.0403,181496.6677,206124.5081,192851.577,201932.418
Kiribati,,0,0,0,0,0,0,0,0,0,0,0,0,0,0,0,0,0,0,0,0,0,0,0,0,0,0,0,0,0,0,0,0,0
"Korea, North",,49335.04721,50900.32934,53600.99217,55903.7206,57387.43169,60075.96909,59447.65162,56835.1737,71308.52185,57279.40518,53674.84703,51901.22805,45656.6342,41938.53798,38684.51485,35510.96045,30645.35811,30078.77007,27136.70105,30416.07734,32597.55152,33570.89245,31975.84792,32717.70346,33462.86594,35312.5444,36223.05359,29550.76293,32983.3605,31725.62324,30478.90909,31202.02534,31362.9628
"Korea, South",,30765.51004,34183.77757,34665.48763,37759.67562,44235.75486,49522.44014,53850.11454,52386.24505,53593.27599,50623.64919,49773.76713,48240.17424,43086.04411,45609.23481,46850.4374,49246.8623,53866.64921,57054.53366,66021.83657,61885.96435,70980.03306,80024.49777,80566.83496,82267.70138,86017.76463,87911.53555,89636.65282,98225.86294,110522.1462,114149.8528,127413.9654,140087.2391,137599.3224
Laos,,0.09921,0.11023,0.22046,0.33069,0.44092,1.10231,2.20462,1.10231,1.10231,1.10231,1.10231,1.10231,1.10231,1.10231,1.10231,25.92747,55.92356,105.21011,175.40309,238.51593,261.7866,192.48671,298.46149,306.22639,434.14764,437.57462,468.15825,504.25343,516.10912,550.54401,590.57103,607.1531,629.19932
Macau,,4.40925,1.10231,1.10231,1.10231,1.10231,0,0,0,0,0,2.31485,2.20462,2.20462,2.20462,2.20462,2.20462,2.20462,1.10231,1.10231,1.02074,1.17396,1.13648,1.05381,1.51127,1.72512,1.34592,1.32608,1.46938,0,0,0,0,0
Malaysia,,88.18491,200.98223,151.01666,408.36227,449.12464,587.24976,468.47902,638.23828,676.99885,2085.35704,2502.24679,2546.19814,2758.71055,1963.32676,2622.39872,2668.6958,3274.96705,2583.81783,2613.58023,2393.11796,4038.86882,5094.8831,7232.26483,6843.14892,9321.19446,11675.66649,12427.32158,16009.42675,16878.08337,18639.37851,25530.6334,27245.82987,27153.23572
Maldives,,0,0,0,0,0,0,0,0,0,0,0,0,0,0,0,0,0,0,0,0,0,0,0,0,0,0,0,0,0,0,0,0,0
Mongolia,,5513.4426,4782.92899,5712.67058,5926.19526,6024.13158,6794.64722,7519.96809,7944.35797,8311.42765,7911.28863,7335.8821,7806.56905,6982.04015,6386.79202,5844.45483,5751.86067,5797.05544,5546.83076,5595.33246,5530.29609,5744.14449,5719.89364,6100.19106,5776.11152,5824.61322,6031.84776,6525.68325,6681.10915,6612.76585,7189.27469,7748.14655,7640.12003,10854.45996
Nauru,,0,0,0,0,0,0,0,0,0,0,0,0,0,0,0,0,0,0,0,0,0,0,0,0,0,0,0,0,0,0,0,0,0
Nepal,,94.96412,52.92197,54.91495,56.31378,120.562,96.45776,63.93406,95.90109,98.10571,89.28722,14.33005,76.05948,112.43576,66.13868,133.37967,136.68661,139.99354,148.81203,368.17199,461.86846,473.99388,542.33719,251.32699,320.77261,283.29402,455.25459,285.49864,361.55813,340.61421,354.94426,371.47893,533.5187,546.74643
New Caledonia,,132.27736,90.38953,71.65024,106.9242,113.53807,195.10911,192.90449,170.85826,187.39293,228.17845,180.77906,194.0068,187.39293,187.39293,181.88137,181.88137,185.18831,124.56118,132.27736,122.35656,279.98709,285.49864,304.23794,345.02346,309.74949,286.60095,311.95411,268.96397,294.31713,278.88477,331.11229,330.69341,330.69341
New Zealand,,2530.31494,2540.71084,2488.34003,2713.37358,2664.99975,2504.46243,2400.77572,2183.67439,2720.5827,2300.54144,2384.57725,2321.62976,1990.78644,2553.81181,2620.41015,2215.68772,1840.12583,2580.54837,2564.94626,2729.0253,2490.82133,2920.45931,2371.00449,3991.37243,4436.13522,4733.50355,4373.87337,3665.63501,4431.75574,3296.27803,2915.06239,3233.85084,3145.99662
Niue,,0,0,0,0,0,0,0,0,0,0,0,0,0,0,0,0,0,0,0,0,0,0,0,0,0,0,0,0,0,0,0,0,0
Pakistan,,2180.84935,2238.34403,2781.78152,2473.17681,2771.59657,3123.84457,3326.2598,3378.25803,3913.65397,3874.84489,4024.93671,4254.38612,4473.39224,4594.84491,4751.47453,4550.16382,4745.57827,4912.39766,4818.20295,4545.93205,4457.74714,4860.09078,5390.30255,6684.41608,8701.64587,8503.22983,8701.64587,11145.47016,9250.59693,8971.71216,8507.63907,8454.72813,7012.90487
Papua New Guinea,,0,0,0,0,0,1.10231,1.10231,1.10231,1.10231,1.10231,1.10231,1.10231,1.10231,1.10231,1.10231,1.10231,1.10231,1.10231,1.10231,0,0,0,0,0,0,0,0,0,0,0,0,0,0
Philippines,,707.68389,816.81272,946.88546,1382.29844,2257.72326,2738.75871,2176.51378,2323.23142,2934.01112,2392.02667,2730.42524,3031.53592,2996.08228,3154.81511,3387.40281,3820.61117,5127.95244,5908.38889,5282.27603,6923.61765,9551.52793,9958.28082,9283.66627,9809.46879,10514.94806,11028.62515,11229.24582,11542.30225,13161.59763,11275.5429,14918.68194,16407.90459,18103.25946
Samoa,,0,0,0,0,0,0,0,0,0,0,0,0,0,0,0,0,0,0,0,0,0,0,0,0,0,0,0,0,0,0,0,0,0
Singapore,,5.51156,9.9208,3.30693,6.61387,9.9208,20.94392,12.12542,19.8416,23.14854,22.04623,37.47859,24.71823,65.25683,42.32876,45.76797,7.585,1.02405,0.82343,1.18058,0.82012,0.13558,0.60672,11.58199,14.62767,13.74472,4.40925,7.71618,13.22774,7.71618,6.61387,13.22774,0,0
Solomon Islands,,0,0,0,0,0,0,0,0,0,0,0,0,0,0,0,0,0,0,0,0,0,0,0,0,0,0,0,0,0,0,0,0,0
Sri Lanka,,2.20462,2.20462,36.37627,45.19477,62.83175,38.5809,160.93746,145.94602,5.07063,7.82641,2.29281,3.85809,2.97624,3.37307,4.40925,6.61387,3.30693,3.30693,3.30693,2.20462,2.20462,1.10231,29.76241,105.82189,28.6601,103.61727,77.1618,74.95717,79.36642,102.51496,104.71958,566.58804,783.74338
Taiwan,,6589.17638,6058.96462,6978.15781,9599.872,11389.75117,12104.35648,14872.52375,16211.19051,18577.99299,19680.50828,18935.60154,20659.09291,24175.97431,26702.30109,28151.98713,29029.96049,32948.55722,37424.25771,40567.72342,43695.52529,51956.89478,53551.99112,59514.86836,63150.95261,64671.48641,66012.54739,69084.29011,72281.2995,69396.02817,66198.84352,70002.7161,73330.62716,72108.31818
Thailand,,1620.29002,1855.14001,2483.73306,2353.43475,2864.90722,5983.34606,6297.04624,7902.97389,8464.36123,10174.39117,14227.94388,16618.10018,17820.11866,18516.86542,20636.46025,23095.52619,27819.82214,28705.08729,24590.42795,24478.56319,24173.73992,27408.95542,27707.65865,27636.05361,30968.07519,32640.86795,33155.99128,35303.91992,38287.11507,36738.9353,39340.39011,43972.30244,38826.71302
Timor-Leste (East Timor),,--,--,--,--,--,--,--,--,--,--,--,--,--,--,--,--,--,--,--,--,--,--,--,0,0,0,0,0,0,0,0,0,0
Tonga,,0,0,0,0,0,0,0,0,0,0,0,0,0,0,0,0,0,0,0,0,0,0,0,0,0,0,0,0,0,0,0,0,0
U.S. Pacific Islands,,0,0,0,0,0,0,0,0,0,0,0,0,0,0,0,0,0,0,0,0,0,0,0,0,0,0,0,0,0,0,0,0,0
Vanuatu,,0,0,0,0,0,0,0,0,0,0,0,0,0,0,0,0,0,0,0,0,0,0,0,0,0,0,0,0,0,0,0,0,0
Vietnam,,5189.68188,4981.34503,5509.35217,5544.62614,5549.03538,6476.07924,5510.45449,6149.79507,4824.81682,5007.80051,4607.66148,4620.88922,4020.12953,4389.40383,4362.94836,6942.35694,7518.86578,8968.40522,9009.19074,8321.34845,8606.8471,9889.93752,10858.8692,11464.03814,15558.02253,16420.03001,17771.46374,19062.27034,23400.96785,24806.41483,28835.36285,30579.21942,26819.23538
Wake Island,,0,0,0,0,0,0,0,0,0,0,0,0,0,0,0,0,0,0,0,0,0,0,0,0,0,0,0,0,0,0,0,0,0
World,,4122571.449,4214816.831,4303419.649,4423872.128,4678219.434,4888352.396,4976391.581,5124596.391,5273992.43,5275887.279,5261560.495,5004080.064,4885004.66,4869989.782,4922646.017,4961417.913,5088914.398,5035463.769,5016968.631,5008410.901,5278574.856,5312280.834,5426017.958,5847116.031,6255478.349,6574914.213,6899541.463,7187350.454,7335637.449,7415825.549,7885053.803,8284547.636,8186103.178