Locality,,1980,1981,1982,1983,1984,1985,1986,1987,1988,1989,1990,1991,1992,1993,1994,1995,1996,1997,1998,1999,2000,2001,2002,2003,2004,2005,2006,2007,2008,2009,2010,2011,2012,2013,2014
North America,,20207.81963,19232.51332,18357.55803,18036.2546,18636.01659,18724.25664,19328.27087,19840.75616,20557.59471,20790.27129,20318.857,20127.61099,20518.80768,20799.54683,21404.04099,21332.17151,21989.58426,22455.89428,22857.85016,23586.04468,23812.53797,23754.40735,23828.48091,24212.09488,25041.79657,25224.29582,25113.29616,25255.15159,23986.17886,23080.9914,23597.85841,23363.46134,23006.53163,23438.22875,NA
Bermuda,,3.8,3.3,3.5,3.7,3.6,3.52351,3.32537,4.69077,5.12514,6.24205,4.43468,3.92789,3.19421,3.63118,3.61992,3.60644,3.65773,3.66775,3.66775,3.66775,3.65773,3.63197,3.66775,3.9823,4.25041,4.50488,4.49951,6.28618,4.00843,4.50146,4.55079,4.57818,4.56567,4.6,NA
Canada,,1873,1768,1578,1448,1507,1514,1518,1592,1666,1739,1722,1662,1709,1734,1755,1799,1853,1940,1931,2016,2007.7167,2029.1359,2040.103,2154.6074,2232.7478,2296.4589,2293.8679,2389.4841,2316.7893,2229.8666,2325.6436,2356.6811,2402.8014,2374.4545,2395.1907
Greenland,,3.74367,3.51195,3.44022,2.4231,3.80184,3.4117,2.18575,1.59011,3.66833,3.17449,3.25612,3.25612,3.25612,3.35801,3.3988,3.3988,3.44377,3.52822,3.57877,3.57877,3.65473,3.77279,3.81367,3.83411,3.87499,3.93923,4.02227,5.62973,5.71927,5.02676,6.49608,6.9705,6.9705,7,NA
Mexico,,1270,1399,1476,1350,1395,1476,1523,1576,1598,1715,1599,1743,1769,1821,1923,1801,1820,1888,2002,2043,2095.9287,2068.7014,2019.1312,2015.6649,2069.226,2116.6745,2122.9249,2172.7896,2161.1153,2069.6126,2080.4375,2112.5559,2101.3773,2090.4458,2006.631
Saint Pierre and Miquelon,,1,1,0.9,1,1,0.90499,1.12961,1.42597,1.48977,1.70406,1.67305,1.58862,1.49669,0.8234,0.86337,0.57723,0.57566,0.39419,0.45844,0.45844,0.50087,0.45844,0.45844,0.49932,0.54164,0.55679,0.56356,0.584,0.5824,0.584,0.60444,0.6032,0.6032,0.6,NA
United States,,17056.27596,16057.70137,15295.71781,15231.13151,15725.61475,15726.41644,16280.63014,16665.04932,17283.31148,17325.15068,16988.49315,16713.83836,17032.86066,17236.73425,17718.1589,17724.58904,18308.9071,18620.30411,18917.14521,19519.33973,19701.07923,19648.70685,19761.30685,20033.50685,20731.15574,20802.16152,20687.41802,20680.37798,19497.96415,18771.39998,19180.12601,18882.07246,18490.21355,18961.12845,19105.6136
Central & South America,,3613.43,3557.17,3415.67,3232.33,3262.75298,3228.19266,3455.07423,3563.17755,3615.23143,3627.7408,3783.6997,3843.1794,3959.39077,4081.2706,4282.41965,4495.24882,4695.35031,4929.46546,5112.16743,5167.61838,5191.70533,5279.16539,5247.576,5232.40523,5486.73702,5612.49227,5776.02417,5918.85339,6141.65625,6215.73945,6480.9047,6700.92831,6963.31596,7085.22178,NA
Antarctica,,1,1,1,1,1.27,1.43068,1.28762,1.32849,1.36563,1.34893,1.36937,1.43068,1.42678,1.43068,1.43068,1.47156,1.46754,1.47156,1.47156,1.47156,1.46754,1.492,1.492,1.53288,1.52869,1.55332,1.55332,1.57375,1.56945,1.57375,1.57375,0.08536,0.08537,0.09068,NA
Antigua and Barbuda,,2.8,2.5,3.4,2,2.234,2.23036,2.23282,2.72153,2.79765,2.80532,2.93345,2.89296,2.88505,3.04008,3.18775,3.27447,3.26552,3.40205,3.40205,3.40205,3.49888,3.50973,3.5289,3.74027,4.03779,4.39866,4.47137,4.3703,4.47525,4.78868,4.9155,4.9155,4.90207,4.9,NA
Argentina,,499,483,468,477,463,415.09989,448.374,479.42447,474.99988,433.78247,412.99719,423.68304,455.18563,467.69145,471.23225,475.39814,488.55319,498.25969,541.56901,534.20299,530.92666,517.39381,477.29599,493.99246,544.78796,565.01017,622.30979,617.82814,676.55162,654.70254,709.11934,729.10468,741.94016,770,NA
Aruba,,--,--,--,--,--,--,0.68,0.68,2.50874,3.41649,3.55321,3.98188,4.29778,4.49468,4.97178,5.69241,3.76653,6.0086,6.08384,6.08384,6.51367,6.53151,6.53151,6.98335,7.0626,7.24591,7.74661,6.62261,6.62663,6.72502,6.81328,6.3586,6.34122,6.4,NA
"Bahamas, The",,27.6,29.1,24.9,18.5,16.8,15.3,15.18904,16.756,15.94739,18.09589,19.14342,17.16515,14.62553,15.5428,16.94247,19.60767,22.05464,21.99452,24.56164,22.29041,22.22257,21.84008,22.25622,26.59715,26.95549,30.7343,30.85775,29.38258,20.26392,22.83304,22.83304,22.83304,22.77066,23,NA
Barbados,,6.7,7,7.1,7.5,7.2,7.95061,8.42258,7.99272,7.24076,7.85053,8.16299,8.33832,8.44052,8.39604,8.13669,8.21426,7.9158,9.18597,9.48847,9.73847,10.82079,10.37063,10.37063,10.57063,7.10299,9.83068,9.29823,8.30251,7.71863,9.30128,8.77669,9.30128,9.27587,9,NA
Belize,,1.6,1.5,1.4,1.4,1.5,1.53288,1.90646,1.58139,1.12929,1.57619,2.21573,2.47244,2.11801,2.10791,1.99915,2.29397,1.93577,3.1909,3.21037,3.25718,4.70555,6.2617,6.0083,6.28537,6.75418,7.12225,7.20362,7.3257,3.55266,3.49537,3.49333,3.49537,3.48582,3.5,NA
Bolivia,,25,26.5,25.1,24.5,24,21.51937,21.11245,21.3061,23.11357,24.33508,25.18491,25.59309,27.184,27.82535,30.44952,32.71189,34.78508,36.44767,40.40893,43.47235,45.10438,46.74128,46.72355,46.25618,48.2202,49.39877,50.15054,60.78083,56.8607,57.12506,61.36614,64.30844,71.36093,71,NA
Brazil,,1148,1085,1061,980,1033,1079.38243,1237.70878,1263.13502,1300,1317.13378,1466.4921,1484.18904,1520.57956,1579.6569,1673.93995,1788.43395,1904.35022,2030.68442,2095.91724,2130.31388,2121.2849,2116.07876,2101.59593,2035.68281,2122.80671,2171.22366,2197.02865,2296.54789,2441.47787,2459.30318,2698.95061,2776.56374,2922.93354,3003,NA
Cayman Islands,,0.7,0.76,0.76,0.74,0.76,0.78717,0.78775,0.81323,1.86178,1.88732,1.93603,2.05189,2.09836,1.99711,2.17258,2.35456,2.36495,2.37142,2.41359,2.41359,2.38661,2.41359,2.41359,2.50085,2.6982,2.81844,3.19153,3.70011,4.49118,3.73049,3.75386,3.73049,3.73049,3.7,NA
Chile,,107,104,102,96,101,98,104,108,120,135,145,153,165,179,196,212,232,245,255,261,239.6178,233.4507,239.654,248.4896,263.4087,272.3567,278.1712,351.7055,369.8989,367.6145,322.883,332.1523,340.015,339.7041,321.8274
Colombia,,160.7,163.7,167.6,171.8,174,171.47296,171.82411,184.57288,198.4414,208.53212,208.90576,209.87846,232.5302,240.21925,244.40726,250.63311,278.1295,286.51395,289.01999,282,277.48742,271.18171,256.19847,265.35573,267.51582,270.70806,276.97011,270.18888,265.21918,259.6515,269.88304,294.27272,321.20614,324,NA
Costa Rica,,16,16,15,16,13.83898,14.72633,13.44103,15.7446,18.0471,19.55892,18.75137,19.93904,24.85027,27.02653,28.06408,31.26808,30.07744,31.00835,34.96511,35.74551,36.28123,37.5861,39.66431,41.92412,41.56274,40.61221,45.72419,48.63008,49.63222,47.59215,48.66709,49.48997,49.67203,50,NA
Cuba,,202.5,207,223.5,205.6,212.8,217.2759,222.91175,218.61368,221.17778,224.80233,219.54984,203.67,180,179.45177,182.95252,187.41167,192.41821,200.00222,194.0049,194.99763,195.00103,203.59865,201.51358,204.84513,228.50067,198.03543,157.0871,161.31249,141.39659,169.55057,163.93917,170.69957,170.16,170,NA
Dominica,,0.19,0.25,0.25,0.25,0.25,0.28615,0.28652,0.30989,0.40306,0.42753,0.42753,0.42753,0.42637,0.44794,0.51589,0.57929,0.57929,0.58088,0.60425,0.60425,0.58913,0.74847,0.81564,0.88282,0.77183,0.66956,0.83819,0.85863,0.91177,0.91586,0.91586,0.91586,0.91586,0.9,NA
Dominican Republic,,37.8,36.6,39,46.8,41,42.4,47.00046,52.49801,58.31428,58.12978,64.25879,62.39466,64.33064,58.72572,67.89208,71.90728,77.98142,84.12302,86.24738,99.24097,110.06245,113.95028,116.15299,115.27981,114.07414,115.41066,116.72584,118.71721,122.29318,113.06019,112.9013,113.76304,115.62524,115,NA
Ecuador,,84,88,95,85,83,86,91.77466,90.18777,93.21487,90.16595,97.31888,103.99739,119.14655,111.85807,119.7648,123.3772,129.17257,134.87897,137.23483,128.39666,133.53807,139.96972,141.72825,146.05752,151.89558,159.40565,173.53798,202.04866,221.66646,234.44652,242.6371,244.49751,250.53862,254,NA
El Salvador,,14,12.2,11.7,13,13,13.72381,14.94011,14.61274,16.18885,15.76477,16.47863,19.16341,22.04559,22.32252,25.27345,31.11336,30.3676,32.15894,37.79298,38.30772,38.06215,39.40596,39.01227,42.3555,41.9346,43.36019,44.26823,44.77912,41.89345,43.03511,43.18622,44.11808,45.47026,45,NA
Falkland Islands (Islas Malvinas),,0.08,0.08,0.08,0.08,0.08,0.10066,0.10074,0.10074,0.20238,0.18688,0.16644,0.16644,0.16598,0.16642,0.16644,0.18688,0.21041,0.23142,0.18762,0.18762,0.1871,0.18762,0.20805,0.20805,0.22787,0.24893,0.27085,0.31247,0.31247,0.31247,0.31247,0.31247,0.31247,0.3,NA
French Guiana,,2.52,2.19,2.72,2.8,2.22,2.23438,2.62105,2.83039,3.33523,3.76306,4.50081,5.08159,4.04117,5.39531,5.39534,6.16334,6.1465,6.16334,6.26803,6.26803,6.3362,6.35356,6.52838,6.81129,6.61814,6.8934,6.95419,6.70907,6.20832,5.4562,6.49173,5.4562,5.4562,5.5,NA
Grenada,,0.33,0.38,0.42,0.4,0.42,0.4295,0.47266,0.50663,0.54383,0.56575,0.88762,0.88762,0.90951,0.99867,1.17751,1.09863,1.234,1.55003,1.38655,1.38655,0.95656,1.60636,1.7449,1.75915,1.77601,1.8203,1.92331,1.91332,1.97641,2.01202,2.00411,2.01202,2.01202,2,NA
Guadeloupe,,3.47,4.93,6.2,6.5,7.1,6.5,6.6865,7.46306,8.13631,9.10058,9.7829,10.23283,9.56005,10.9918,11.37436,11.66863,11.55281,11.75825,11.75825,11.75825,12.4268,12.65964,12.87597,13.39367,13.71986,14.41088,15.07622,16.6431,16.96504,14.67668,14.67668,14.67668,14.67668,14.7,NA
Guatemala,,28.9,25.3,25,26,23,25.99494,23.16902,23.32964,25.49354,25.88022,27.20581,25.92535,30.94802,33.73368,38.46295,41.13279,43.97288,48.45948,58.08549,59.15939,59.28765,65.9002,64.5576,64.98263,67.565,70.28645,70.53295,73.62677,66.62255,76.08702,68.12034,68.80323,70.18146,69,NA
Guyana,,9.8,11.5,9.3,8.3,9.3,9.47505,9.0874,6.84132,6.80096,4.58742,4.39995,4.99967,5.87568,7.13063,7.14145,6.23836,6.717,7.36252,9.29123,9.85699,10.80984,11.09808,11.27318,11.07882,10.06902,10.98573,10.54776,10.47773,10.67795,10.80959,10.74539,10.80959,10.80959,10.8,NA
Haiti,,6,4,5,4,4,4.79265,5.07616,8.27,9.03946,8.519,4.73178,4.68915,5.40984,4.26465,3.70852,6.31781,7.4715,9.43115,8.92838,10.03381,10.32929,11.23088,11.59627,11.54638,11.83667,11.97918,12.28175,13.48173,16.58803,15.42578,14.15485,15.42578,14.72293,15,NA
Honduras,,12,10.8,11,11.7,11.8,11.11156,11.69586,11.80894,13.1656,16.00156,17.77404,17.47428,18.13867,18.18464,20.37973,22.97041,25.455,25.29386,29.00879,30.62668,28.10656,33.00392,36.33874,36.53923,41.85377,44.09142,46.20162,50.93071,48.69175,43.75258,46.02121,47.06647,51.16282,49,NA
Jamaica,,53,46.3,38.8,41,35,31.4875,30.83476,33.05491,38,43.1052,45.69241,47.18744,51.00438,52.10493,54.54629,59.72756,62.06017,66.05704,66.73451,68.5862,65.64429,66.20467,67.77564,70.43461,71.3326,68.97398,77.92538,82.44764,80.34852,58.05093,51.45354,54.22189,51.73792,53,NA
Martinique,,4.53,4.53,4.48,4.44,3.9,4.78169,5.06952,5.74052,6.82916,9.73282,10.49894,8.58072,9.5278,12.90592,12.80249,13.09718,13.11409,13.12681,13.1527,13.1527,13.34537,13.45738,13.66651,14.23659,14.67062,15.51688,15.4885,16.09932,14.33585,16.87007,16.88873,16.87007,16.87007,16.9,NA
Montserrat,,0.12,0.14,0.14,0.14,0.14,0.15161,0.15186,0.17304,0.19587,0.19641,0.25773,0.24022,0.28033,0.28107,0.2811,0.3249,0.30071,0.32197,0.34534,0.34534,0.37063,0.37164,0.37164,0.41545,0.45801,0.48263,0.52058,0.56438,0.57256,0.56847,0.56847,0.56847,0.56847,0.57,NA
Netherlands Antilles,,109,100,95,89,85,70.7,69.20167,69.624,64.82,68.665,67,63.51962,62.73069,63.0635,65.90653,69.47081,69.29403,73.72532,73.65624,71.18464,70.96349,71.86007,70.50978,65.75789,66.39284,69.94149,73.1393,75.62523,87.08532,79.04042,79.47327,89.87163,90.39999,90,NA
Nicaragua,,13,13.4,13.4,12.8,12.1,13.93296,13.88025,13.84675,14.21045,13.98612,13.34231,12.68457,15.11796,15.07699,16.11862,17.48075,18.53036,19.54923,22.36694,23.96354,24.01982,25.57661,25.4155,25.64036,27.17102,28.60345,28.25023,29.24792,28.01715,28.28525,28.19419,31.05101,30.19877,30,NA
Panama,,78,77,73.5,75.5,74.5,64.82111,66.50279,69.80683,67.6651,66.06478,70.33984,70.28168,72.28416,70.89756,81.32498,85.92208,72.28111,76.56215,84.65897,78.40026,77.38338,80.28356,76.59439,77.57036,88.02798,84.3049,86.35461,89.49351,52.01077,97.67033,116.63575,124.86471,133.49567,134,NA
Paraguay,,9.9,9.1,9,9.5,10.4,10.56066,10.84084,13.75135,12.95687,16.54674,15.84875,14.70274,16.51158,17.67763,20.49301,22.77519,19.18858,20.88196,23.89138,26.94353,25.09844,24.06136,25.05413,26.02275,26.09367,25.81028,25.98254,26.33079,28.10751,28.88402,31.22364,33.82789,35.88137,35,NA
Peru,,133.3,137.1,136.3,124.4,127.2,125,135.15601,138.40467,141.40704,121.12271,121.1738,112.83057,119.23847,125.97279,132.34,143.00449,153.38766,156.54981,158.64263,160.52123,156.795,153.87177,152.33588,154.22394,161.95668,157.73374,170.08984,165.72279,186.48542,188.23158,205.99197,215.75993,224.47264,226,NA
Puerto Rico,,200,219,158.8,152,167,144.58082,155.5189,161.7863,147.45902,143.07397,140.15781,175.60548,155.58016,162.15986,165.37452,169.0729,174.86601,179.24658,183.54,189.13507,201.35484,213.86416,212.04521,217.80925,222.76292,215.2137,210.73122,191.31781,166.50096,155.61563,146.08791,142.53404,147.14183,143.957,133.65618
Saint Kitts and Nevis,,0.36,0.38,0.44,0.36,0.36,0.36329,0.36359,0.38403,0.44779,0.44901,0.44901,0.51107,0.50967,0.57605,0.67973,0.62197,0.70117,0.7031,0.7031,0.7031,0.70117,0.7031,0.7031,0.78852,0.87156,0.91775,1.22507,1.69882,1.69418,1.78425,1.69028,1.69028,1.69028,1.7,NA
Saint Lucia,,0.8,0.63,0.76,0.7,0.7,0.88157,0.88274,0.97995,1.19844,1.20173,1.20173,1.20173,1.24213,1.22216,1.3883,1.40874,1.40489,1.47299,1.47299,1.47299,2.32811,2.43668,2.49222,2.73718,2.67809,2.63126,2.7471,2.90077,2.97138,2.91407,3.04106,3.04106,3.04106,3,NA
Saint Vincent/Grenadines,,0.27,0.25,0.27,0.27,0.25,0.29208,0.29244,0.31581,0.38077,0.5637,0.58808,0.5637,0.60292,0.5637,0.89447,0.94121,0.93863,1.00597,1.19085,1.19085,1.21191,1.23438,1.30704,1.37677,1.46776,1.46044,1.45096,1.47433,1.4703,1.47433,1.51368,1.51368,1.51368,1.5,NA
Suriname,,14.2,12.2,11,8,6.7,8.575,8.50685,7.15834,7.929,8.7,10.542,9.72756,9.20224,9.61605,9.42397,9.73022,9.54,9.81902,9.91781,9.91781,10.3277,10.88293,11.45564,11.72637,12.2155,12.57825,12.94095,13.10701,13.03548,13.20789,17.17963,17.17963,17.17963,17,NA
Trinidad and Tobago,,42.1,39.2,29.9,25.7,24.7,24,23.19845,20.61784,18.38824,21.09536,20.4012,21.39606,21.85703,21.40276,23.9254,21.70389,20.43944,22.46769,21.84187,23.35226,24.67671,28.99946,28.3146,31.34004,32.44875,34.93783,37.16455,38.56233,41.41216,37.25045,40.52983,41.05977,43.11052,42,NA
Turks and Caicos Islands,,0,0,0,0,0,0,0,0,0,0,0,0,0,0,0,0.08894,0.08894,0.08894,0.09783,0.09783,0.09783,0.10816,0.08378,0.08378,0.08355,0.08378,0.08,0.47008,1.04236,1.06279,1.259,1.26105,1.26105,1.3,NA
Uruguay,,40,36.4,34.4,27.4,26,24.30757,23.28041,26.60338,33.29443,32.04318,31.1888,29.5225,31.93601,34.88224,33.2786,30.95978,34.15273,37.11147,44.17886,48.37612,43.17581,34.10713,37.04171,36.69401,38.47339,40.14169,46.7988,45.30175,59.5088,59.2831,54.23052,60.8824,65.82933,64,NA
Venezuela,,400,433,427,400,379,383.24,401.55752,404.41274,396.93097,387.6502,395.5902,405.002,413.81454,426.95442,440.28187,448.46696,443.80883,454.5653,456.75653,461.21041,499.70728,544.46617,570.67316,540.64298,572.84573,633.15155,677.97502,619.5447,680.97467,705.54093,688.2489,713.22443,731.38763,746,NA
"Virgin Islands,  U.S.",,117,105,75.8,54,63,70.5233,46.78836,54.7863,39.32787,59.98356,54.95616,55.55342,55.36612,53.44658,55.85479,56.56575,56.89617,58.26438,60.29589,62.43562,66.08131,91.69868,93.24432,108.77621,110.89677,108.74795,115.5452,109.42244,90.75769,111.25516,106.3803,115.56576,116.99997,119,110.48498
"Virgin Islands, British",,0.16,0.25,0.25,0.25,0.23,0.23622,0.25773,0.30153,0.32109,0.34241,0.34241,0.34241,0.36478,0.36576,0.36578,0.36578,0.41139,0.41252,0.41252,0.41252,0.41139,0.41252,0.41252,0.47677,0.60434,0.64981,0.69142,0.75189,0.783,0.77261,1.17891,0.77261,0.77261,0.8,NA
Europe,,16058.44734,14803.62121,14289.06688,13927.61099,13818.22699,13788.48445,14192.20206,14333.11301,14516.28395,14557.15783,14695.74466,14800.53625,14967.31306,14928.6577,15044.74934,15381.53173,15688.24802,15852.7007,16151.78969,16022.82942,15924.26145,16104.79966,16065.79909,16179.09883,16280.38727,16403.80087,16402.29154,16245.83659,16139.57065,15375.80054,15377.0576,14894.58574,14409.84237,14233.2359,NA
Albania,,46,44,43,43.6,43,41.53,38,33.77055,31.9263,27.0183,20,17.86317,20.54189,16.72753,13.2926,14.82916,11.67539,12.47337,15.02839,18.03823,21.03669,22.68161,24.27649,27.39992,28.82831,31.20335,31.88928,31.71338,27.16714,26.42815,25.81377,26.31143,22.643,25,NA
Austria,,232,225,209,207,202,198,206,209,205,205,217,234,229,235,233,233,254,254,266,253,250.4432,266.7507,273.3348,288.5049,295.0399,298.969,298.5241,293.057,284.4937,269.3841,277.6373,263.6847,260.5536,264.0348,261.7337
Belgium,,522,481,445,407,385,405,454,457,470,462,463,497,509,500,553,550,593,611,622,593,606.3169,609.0784,617.2534,654.5605,656.5464,664.1222,642.4901,649.2025,702.1131,638.0899,669.3756,628.543,606.5667,629.4712,630.4227
Bosnia and Herzegovina,,--,--,--,--,--,--,--,--,--,--,--,--,35.42,22.85933,19.65932,19.10099,18.37128,18.446,20.73836,21.36151,19.23178,19.28447,20.12625,21.76819,25.00901,26.04668,25.78386,26.00411,29.65989,33.9289,35.2474,35.39866,33.05653,34,NA
Bulgaria,,306,294,295,294.6,294,290,285.9,275.39438,276.88694,235.17426,193.05367,120.76554,129.71997,117.48665,126.24214,130.56943,118.57268,106.7719,103.03797,97.2558,99.8835,101.30681,105.73424,102.21437,99.45404,103.89735,105.04728,105.35857,104.27342,98.53575,90.33471,83.58478,87.29907,89,NA
Croatia,,--,--,--,--,--,--,--,--,--,--,--,--,64.89763,62.82443,78.62509,88.45753,77.88128,80.86085,89.6079,90.90304,85.53877,85.53626,89.48719,91.34114,95.49809,96.75973,99.32823,100.45198,94.94156,93.55944,80.22624,79.42569,73.31031,75,NA
Cyprus,,19.6,17,18,20,20,21.3,22.31889,24.18997,24.6016,29.95567,31.78829,31.89466,37.87891,38.00176,43.04325,43.0625,42.25984,42.74868,46.19695,48.58415,49.49666,51.12806,50.88289,51.59596,51.54117,55.50742,57.10441,58.18123,60.20686,58.45014,55.9974,55.42329,51.99584,53,NA
Czech Republic,,--,--,--,--,--,--,--,--,--,--,--,--,--,154,159,169,173,169,175,174,169.8205,178.9425,175.994,187.6663,205.9117,212.9455,211.4975,211.2203,215.0183,205.4504,201.4504,196.9156,193.9025,187.4792,200.0592
Denmark,,290,243,230,219,217,224,221,214,205,196,192,194,192,199,211,223,235,227,223,220,210.0014,213.42,197.1537,188.2836,185.3328,183.4496,190.443,190.6447,181.0861,166.5296,167.4666,163.9882,155.4888,154.7967,153.6123
Faroe Islands,,2.86734,3.02121,3.21688,3.37099,3.46699,3.54984,3.33323,3.54299,3.7,4.04058,4.34967,3.98258,3.97713,3.98964,4.04336,4.23992,4.34749,4.36787,4.38986,4.38986,4.46232,4.45795,4.49115,4.53496,4.57989,4.63625,4.92167,4.77551,4.85893,4.87937,4.66072,4.87937,4.87937,4.9,NA
Finland,,271,241,221,208,214,205,223,231,230,228,225,226,225,212,220,203,203,204,210,211,214.3366,212.2915,219.0167,223.191,220.7555,219.46,222.1847,226.7107,217.0098,202.6315,212.0016,206.1419,198.1415,194.3373,186.1929
Former Czechoslovakia,,355,350,327,319,301,298,295,296,281,310,291,242,241,--,--,--,--,--,--,--,--,--,--,--,--,--,--,--,--,--,--,--,--,--,--
Former Serbia and Montenegro,,--,--,--,--,--,--,--,--,--,--,--,--,56.45,33.30042,32.43072,27.02232,49.22836,67.41757,63.44068,57.56796,62.47702,81.93629,83.81769,84.66936,85.07921,86.087,--,--,--,--,--,--,--,--,--
Former Yugoslavia,,301,285.4,285.6,267,325,330.65461,304.24857,313.5,316.40001,309.869,317.14628,251.169,--,--,--,--,--,--,--,--,--,--,--,--,--,--,--,--,--,--,--,--,--,--,--
France,,2256,2023,1880,1835,1771,1753,1764,1785,1801,1844,1827,1942,1933,1879,1866,1915,1943,1962,2040,2034,2000.573,2054.4438,1991.4986,2000.8403,2008.4899,1990.0795,1991.4926,1978.2685,1940.0787,1863.0997,1821.6233,1779.4649,1738.8388,1712.791,1652.854
Germany,,--,--,--,--,--,--,--,--,--,--,--,2829,2841,2908,2883,2882,2922,2917,2923,2836,2766.7582,2807.4512,2710.4066,2679.2321,2648.0314,2624.0647,2635.7836,2406.6893,2533.4473,2434.471,2466.9266,2392.2022,2389.1325,2435.0836,2395.9216
"Germany, East",,375,355,371,337,372,362,362.1,342.46981,322.02909,300.36,282.28001,--,--,--,--,--,--,--,--,--,--,--,--,--,--,--,--,--,--,--,--,--,--,--,--
"Germany, West",,2707,2449,2372,2324,2185,2289,2429.9,2380.53019,2400.97091,2280.64,2399.71999,--,--,--,--,--,--,--,--,--,--,--,--,--,--,--,--,--,--,--,--,--,--,--,--
Gibraltar,,3.3,3.7,3.3,2.6,2.4,5.5,8.23181,8.39553,10.84295,9.33337,9.68882,9.98432,17.64399,18.34919,18.4514,18.49227,18.51964,18.49512,21.45145,18.59101,41.08896,22.67871,23.06962,23.66844,24.35363,25.04556,25.61384,26.40225,27.00222,27.79063,50.44929,53.49907,53.96649,53,NA
Greece,,262,254,239,231,232,242,246,267,279,298,314,316,323,333,340,355,368,374,392,383,399.2117,405.7268,408.3841,428.7414,419.7628,423.8732,444.0885,449.9534,428.8555,403.3863,372.4537,350.9592,306.1464,282.6093,285.2329
Hungary,,244,236,223,223,200,206,195,199,182,183,178,164,164,161,162,155,145,149,156,149,143.2492,138.1534,140.3951,135.2236,136.2087,154.7507,163.1479,160.8912,158.8874,158.2126,149.2444,143.1962,132.8541,129.474,138.683
Iceland,,11,10,9,10,11,11,11,12,12,13,14,13,14,15,15,15,17,17,18,18,18.2298,17.3964,18.1562,18.1986,19.0027,17.1192,18.0241,17.9836,16.7959,15.4603,14.7219,14.6466,17.3805,15.4797,14.7258
Ireland,,119,104,92,83,85,84,99,89,80,83,92,99,101,104,114,117,122,134,150,168,169.9713,182.4359,179.4126,176.2529,181.7639,196.6408,203.3296,193.7099,191.3719,165.1986,164.3274,143.9356,136.3369,138.9436,139.6285
Italy,,1934,1874,1781,1750,1720,1705,1734,1815,1829,1897,1868,1856,1894,1891,1869,1942,1920,1934,1943,1891,1853.7639,1834.5332,1870.1345,1859.6556,1828.9262,1780.5726,1776.589,1728.6808,1666.7658,1544.2414,1544.2282,1493.8321,1370.1197,1259.8104,1224.6611
Kosovo,,NA,NA,NA,NA,NA,NA,NA,NA,NA,NA,NA,NA,NA,NA,NA,NA,NA,NA,NA,NA,NA,NA,NA,NA,NA,NA,NA,NA,NA,NA,11.43293,13.27337,12.11266,12,NA
Luxembourg,,23,22,22,21,21,22,24,27,27,30,33,39,40,40,40,37,39,41,42,45,48.0874,51.1455,52.0003,55.6641,62.7981,64.8348,61.629,61.0077,61.1579,57.4145,60.0825,61.4003,59.241,58.4652,56.506
Macedonia,,--,--,--,--,--,--,--,--,--,--,--,--,19.43,21.40884,17.94417,18.44851,23.34134,21.06907,22.35764,19.9966,22.07082,18.47682,20.16704,19.80205,19.64932,19.88729,19.62611,20.18912,18.71932,19.10433,18.82584,19.36162,18.77438,19,NA
Malta,,8.68,9.5,9.95,6.84,9.36,5.95,7.96956,8.72759,9.34317,9.76548,10.46548,11.36548,12.34046,13.23204,14.24959,15.10058,16.05776,17.13797,18.01485,20.5726,18.15885,15.06027,18.04836,17.98227,18.20814,18.91285,17.91038,19.05603,36.57995,39.79178,47.07293,42.37904,42.32033,42,NA
Montenegro,,--,--,--,--,--,--,--,--,--,--,--,--,--,--,--,--,--,--,--,--,--,--,--,--,--,--,2.891,3.149,3.66632,3.77344,6.3394,6.19279,5.88123,6,NA
Netherlands,,792,731,642,613,590,610,675,691,723,715,734,758,769,764,764,767,761,793,802,828,854.5167,893.6603,898.3208,918.649,947.874,1009.3142,999.4792,1111.2326,1068.7262,1005.2014,1019.7879,1019.2145,1011.312,1014.2359,964.037
Norway,,200,185,167,165,188,197,201,204,196,190,199,189,189,195,200,208,220,220,221,222,209.241,222.0973,219.9942,229.9652,217.4008,221.5912,227.9619,238.2973,223.2978,222.7879,228.7967,221.5101,215.3724,218.111,212.2707
Poland,,387,346,318,325,314,317,331,340,340,345,280,271,279,293,304,318,361,391,404,420,411.2751,404.6836,406.4323,430.6671,454.1396,470.7792,502.2729,523.7027,539.2175,543.8049,567.5863,560.363,534.3604,507.3222,513.8079
Portugal,,154,140,184,185,191,180,196,192,204,249,251,252,279,266,271,290,281,298,326,337,332.7096,333.8811,343.1548,325.9784,327.9607,336.9216,302.7077,308.017,292.591,276.0945,273.6921,256.3956,230.2374,237.6668,241.5827
Romania,,374,345,340,319.6,307,320,322.2,339.592,329.58298,345.00117,382.25245,276.51151,250.01306,248.47788,220.76771,244.20854,256.99297,269.91229,249.52564,215.56865,224.23827,228.90572,232.28448,219.60536,225.08886,221.88468,217.62663,224.04533,230.94889,201.34682,192.34967,188.4475,190.11073,188,NA
Serbia,,--,--,--,--,--,--,--,--,--,--,--,--,--,--,--,--,--,--,--,--,--,--,--,--,--,--,76.66364,92.42479,86.58407,82.66589,79.84562,78.92764,70.05003,72,NA
Slovakia,,--,--,--,--,--,--,--,--,--,--,--,--,--,64,65,65,68,74,74,68,66.7708,71.6699,80.077,74.9422,74.5762,78.4885,78.6082,83.286,85.9413,80.657,83.6967,82.1711,70.6075,73.1588,73.029
Slovenia,,--,--,--,--,--,--,--,--,--,--,--,--,33,40,43,48,56,55,52,52,50.1568,52.0671,50.5532,51.2567,52.4429,53.6915,55.6362,55.0745,63.7044,54.3282,55.511,55.017,54.1587,52.1721,50.1879
Spain,,990,941,1003,1011,852,858,866,895,983,981,1010,1068,1104,1053,1116,1187,1199,1266,1356,1396,1433.2098,1492.323,1504.5304,1542.3573,1571.4314,1607.2636,1588.1677,1611.2049,1546.976,1467.517,1441.0063,1385.3186,1300.9284,1208.1271,1208.4997
Sweden,,527,471,402,365,346,357,371,364,350,336,336,340,371,365,390,388,413,394,401,392,361.6541,368.7562,373.1707,370.2619,368.3842,359.5589,354.4685,350.3767,336.7751,318.2608,335.8233,314.7532,300.2257,295.8285,309.0732
Switzerland,,307,251,237,259,249,271,271,264,265,262,268,279,282,267,263,267,272,268,281,282,273.9527,276.8389,267.6756,270.0893,269.7167,266.6293,265.8732,254.4022,262.2907,255.6471,260.6992,241.9044,245.6336,250.6838,227.5044
Turkey,,314,280,327,342,343,359,388,441,436,448,477,466,492,565,542,608,634,631,629,627,666.8915,618.623,657.7241,644.9715,661.3598,659.3559,677.5704,679.8277,667.6697,703.1493,672.763,655.3756,688.5202,737.8008,710.4559
United Kingdom,,1725,1590,1590,1531,1825,1617,1637,1611,1692,1731,1776,1803,1815,1829,1833,1816,1852,1810,1792,1811,1765.4366,1746.977,1738.64,1759.3633,1789.2413,1819.457,1805.9156,1750.6441,1730.691,1634.5279,1617.5597,1576.5479,1527.3831,1502.4529,1505.2929
Eurasia,,8995,8935,9075,8950,8910,8950,8975.4,8994.971,8890.4364,8740,8391.99981,8349.99863,6832.44764,5654.9464,4854.12197,4603.87459,4032.13356,3893.46249,3802.44212,3710.76716,3719.74107,3754.83911,3806.13639,3886.31483,4011.5515,4098.12359,4135.1341,4259.87829,4199.79382,4065.79711,4329.33296,4669.10927,4644.30115,4688.6042,NA
Armenia,,--,--,--,--,--,--,--,--,--,--,--,--,44.43787,24.71877,17.89899,24.62227,28.01063,30.72348,31.94414,32.70134,35.20768,37.09082,38.63671,39.91049,41.2359,44.40115,45.20129,46.68348,47,45.77984,9.03307,8.5191,8.72208,8.7,NA
Azerbaijan,,--,--,--,--,--,--,--,--,--,--,--,--,202.51104,194.03133,186.60263,178.54077,133.54403,128.5937,145.84023,149.46002,136.88773,119.88992,110.35008,110.77723,112.60131,115.35119,114.37499,109.40288,84.41238,79.87161,82.62719,92.36111,96.91323,99,NA
Belarus,,--,--,--,--,--,--,--,--,--,--,--,--,374.84458,288.69531,241.16946,228.08192,206.02884,186.04342,170.98792,149.70068,139.767,130.3312,123.43725,142.82887,158.45931,171.30064,174.28234,175.66381,157.28414,182.53186,151.91934,175.84888,165.80763,171,NA
Estonia,,--,--,--,--,--,--,--,--,--,--,--,--,32,34,32,25,27,27,27,25,21.3265,24.1668,25.0403,24.4584,25.2669,26.0205,27.8063,29.5847,28.3213,25.8263,26.4795,26.0014,29.1464,29.9042,30.7778
Former U.S.S.R.,,8995,8935,9075,8950,8910,8950,8975.4,8994.971,8890.4364,8740,8391.99981,8349.99863,--,--,--,--,--,--,--,--,--,--,--,--,--,--,--,--,--,--,--,--,--,--,--
Georgia,,--,--,--,--,--,--,--,--,--,--,--,--,27.02605,15.5437,7.48,8.00178,14.49,15.61798,15.81746,17.42163,15.84167,12.66935,12.29387,12.44115,12.96573,15.03973,16.14322,18.05896,18.86315,19.88913,21.11132,21.99693,21.91606,21,NA
Kazakhstan,,--,--,--,--,--,--,--,--,--,--,--,--,404.13945,341.39174,297.61701,269.18675,245.2424,217.52016,196.64181,171.22771,194.74788,210.45053,217.15918,206.9837,221.25186,228.97926,234.46372,235.97005,247.50436,209.95446,234.41819,270.65619,245.6562,248,NA
Kyrgyzstan,,--,--,--,--,--,--,--,--,--,--,--,--,32.53743,19.44241,8.75627,11.67529,12.33287,10.27205,13.91129,11.60506,10.5695,9.24867,10.09052,9.57267,12.23265,13.69773,13.55126,14.30658,25.64953,34.08614,26.67783,28.33959,36.29508,33,NA
Latvia,,--,--,--,--,--,--,--,--,--,--,--,--,52.22219,40.75063,40.18107,41.57532,46.64921,34.95288,35.14238,30.746,28.85522,29.74678,28.23055,29.81885,32.63475,35.43307,37.85282,35.1409,35.73477,32.42808,36.45,33.6909,33.48989,34,NA
Lithuania,,--,--,--,--,--,--,--,--,--,--,--,--,83.93342,76.0219,78.26826,73.14781,65.51968,66.5076,70.55065,61.96457,56.5316,54.63841,53.03532,51.55871,55.07215,68.35198,73.04882,74.14962,67.67499,57.0145,54.89776,55.32344,55.87194,55,NA
Moldova,,--,--,--,--,--,--,--,--,--,--,--,--,56.94858,39.92929,22.36258,22.11219,19.62482,18.42441,15.34786,9.78759,9.58288,10.55534,11.98485,12.90901,14.29555,14.61923,14.53205,15.55951,15.56312,14.42842,16.72408,17.42999,16.39812,16,NA
Russia,,--,--,--,--,--,--,--,--,--,--,--,--,4423.15879,3750.45983,3178.98244,2976.13305,2619.45479,2562.48238,2488.6083,2537.6239,2578.49807,2590.23179,2636.40875,2681.86287,2750.81387,2785.13646,2803.46812,2885.101,2981.919,2888.534,3134.89993,3422.31015,3445.09847,3493,NA
Tajikistan,,--,--,--,--,--,--,--,--,--,--,--,--,19.59549,15.40887,12.00951,13.07397,15.21675,16.61309,19.30048,21.0567,23.33237,24.95694,25.44528,27.4935,29.48893,31.74588,33.9241,39.62156,10.77159,10.33668,11.06772,11.65618,12.39494,12,NA
Turkmenistan,,--,--,--,--,--,--,--,--,--,--,--,--,75.96377,66.41096,62.6526,63.60405,61.97097,66.39357,58.44867,53.8289,62.36065,74.14633,78.45829,86.78452,94.5529,95.59068,94.98395,99.82164,88.44581,83.65475,134.52265,137.27187,146.34868,144,NA
Ukraine,,--,--,--,--,--,--,--,--,--,--,--,--,812.71087,569.58711,495.30738,484.37841,392.98889,372.45021,365.88371,288.50674,260.14025,278.461,284.202,298.448,298.569,307.193,314.296,339.179,304.912,287.427,306.26921,291.91239,262.23055,255,NA
Uzbekistan,,--,--,--,--,--,--,--,--,--,--,--,--,190.41811,178.55455,172.83378,184.74101,144.05969,139.86756,147.0172,150.13631,146.09207,148.25523,151.36345,150.46685,152.1107,145.26308,137.20511,141.6346,85.73768,94.03435,82.23518,75.79115,68.01187,69,NA
Middle East,,2044.489,2181.992,2334.394,2591.391,2631.328,2834.73819,2962.40141,3043.66167,3141.58863,3252.74386,3483.73426,3533.53454,3766.07034,3955.0653,4204.10763,4222.42571,4372.46482,4500.52378,4615.334,4755.79922,4896.87529,5098.54125,5227.2716,5410.90793,5690.92403,5988.43873,6247.42991,6523.06927,7033.47598,7240.84643,7404.88694,7646.67926,7996.98473,8083.494,NA
Bahrain,,16.04,15.83,15.63,15.38,15.91,16.06452,15.95851,18.78158,18.94546,19.46703,20.34849,21.156,21.35954,20.47463,20.75928,21.07243,20.05585,21.0663,22.80582,23.56243,24.28591,24.97912,28.11773,28.94879,32.09156,35.11584,39.82005,42.27151,43.43189,47.45929,45.27849,45.87822,48.89071,50,NA
Iran,,590,580,660,785,765,790,830.004,865,870,964.99383,1002.5,1074.8639,1112.64443,1137.87419,1204.52953,1185.18429,1238.66805,1276.68774,1270.4795,1310.00154,1319.31697,1397.31813,1386.34668,1425.65445,1488.52473,1613.44021,1762.91506,1826.3009,1979.82344,1958.64139,1811.00632,1781.84781,1863.41262,1885,NA
Iraq,,217,214,205,250,240,258.30849,279.217,285.03132,319.723,349.97,400,262.80274,341.43726,409.12713,456.59532,474.12677,469.45978,443.35239,447.36397,451.29477,462.31507,489.07897,497.37299,457.37876,502.66032,541.02839,532.99287,567.35072,584.03298,623.81047,641.12131,668.19447,733.7019,750,NA
Israel,,160,163,162,151,126,132,143,158,168,173,179,180,181,199,212,228,221,230,228,235,252.4036,233.6904,246.8468,254.5811,248.2656,233.4222,242.1348,250.7663,246.0877,232.7784,251.2751,247.5479,291.5033,241.494,232.737
Jordan,,37,43.8,49.7,53.2,56,57.9,61.82001,66.25264,61.868,62.28816,66.19208,62.58155,73.06177,71.85049,81.69406,85.44391,91.81833,88.47006,96.21347,95.61113,101.07572,98.83847,103.3301,106.42877,106.97502,112.43023,107.73273,103.5094,96.51505,97.64213,106.32399,127.01732,137.20522,134,NA
Kuwait,,106,116,118,123,120,120.58498,117.867,114.936,119.98356,124.7204,85,94.79714,119.82932,130.58945,166.43686,173.41748,189.17302,211.91686,237.83012,258.87915,264.42198,275.18396,278.15727,287.82679,295.31851,329.93803,320.06052,337.91648,354.24486,371.57004,397.43568,431.14808,455.55421,467,NA
Lebanon,,44.9,42,41,43,40.9,47.8,46.27389,47.66376,43.29818,34.82571,33.001,53.36208,55.07621,67.44817,76.46666,82.41668,85.31918,97.25647,99.70389,103.99382,105.53167,101.31773,101.91553,104.49362,102.28997,97.45164,86.74616,79.11151,102.65259,128.86145,120.37085,124.38334,126.60915,125,NA
Oman,,17.149,16.662,19.564,20.911,24.618,29.838,29.56602,26.61657,26.278,31.586,38.6366,38.68639,39.51132,38.90038,39.69332,42.27419,46.66462,48.56948,50.50559,53.40447,52.54117,54.71956,57.23217,58.43255,63.91108,72.0646,78.03322,90.95882,121.64244,108.63902,149.64453,163.22573,186.08491,172,NA
Palestinian Territories,,--,--,--,--,--,--,--,--,--,--,--,--,--,--,--,--,--,3.12956,5.21682,5.69753,7.08227,10.19074,8.92003,9.71222,15.9389,19.97633,21.62019,22.11096,15.4214,16.32969,17.83327,16.32969,16.32969,16,NA
Qatar,,16.6,18,20.6,22,24,25,27.66154,28.88363,26.87493,27.59467,27.77039,28.01544,30.08789,31.63337,32.44316,34.69801,39.90275,40.32057,41.86378,43.25378,48.17414,54.48447,62.25185,71.88333,82.84643,86.084,104.99609,128.06127,152.87286,168.59314,199.21173,200.59533,225.91051,230,NA
Saudi Arabia,,610,670,720,790,850,939,973.992,974.99976,989.999,950,1106.952,1158.92932,1219.11791,1260.20637,1286.26888,1254.54066,1331.67935,1383.59553,1439.35911,1479.22418,1537.10135,1606.29944,1676.24767,1774.58907,1884.4138,1963.64362,2020.02079,2094.32992,2236.98754,2436.11625,2579.73312,2760.91058,2881.64705,2961,NA
Syria,,110,120,121.4,139.4,154,164,163.45818,180.15897,191.63068,198.29651,205.26889,177.83,184.54393,208.86693,224.2526,225.99756,229.34461,239.94211,248.18249,255.77928,255.52385,253.72949,256.08473,257.10333,257.6186,258.65365,261.11815,280.67789,346.61644,333.60043,308.53394,293.89401,221.20135,224,NA
United Arab Emirates,,75,137,148,149,153,185,207,211,237.16848,242.39984,243.1,302.03,305.15604,309.66565,336.77267,342.85543,335.57339,337.2559,342.47808,350.86157,370.48427,396.2569,412.13709,452.38318,486.78767,497.01477,529.17215,578.69088,605.86828,585.63815,615.48812,650.35207,678.99428,694,NA
Yemen,,44.8,45.7,53.5,49.5,61.9,69.2422,66.58327,66.33745,67.81935,73.60171,75.96481,78.48,83.24472,69.42853,66.19531,72.39828,73.80589,78.96082,85.33135,89.23558,96.61733,102.45388,112.31097,121.49196,123.28182,128.17524,140.06712,121.01271,147.27852,131.16657,161.63048,135.3547,129.9398,134,NA
Africa,,1474.15173,1577.25,1659.98,1698.24,1757.829,1826.45422,1819.70717,1839.15259,1907.61281,1981.13851,2070.71354,2117.78983,2157.1191,2165.65776,2165.48226,2241.59393,2293.42435,2375.21724,2396.39115,2451.5005,2510.56534,2598.46075,2694.56166,2735.22672,2831.44934,3003.80037,3069.43264,3110.89903,3263.84827,3314.55507,3537.33568,3446.5252,3608.90257,3600.71,NA
Algeria,,121.3,127,143,136,150,164.74175,165.79542,167.27,172.004,181.84278,194,208.43863,210.14709,206.60123,204.41241,204.62066,197.8524,199.44607,205.98802,208.7933,225.17712,220.91445,239.55862,233.77103,252.35263,256.75687,252.67145,270.29003,307.51608,334.06933,354.28514,348.86022,377.09388,390,NA
Angola,,20,20,21,22,19,24.82181,24.20373,23.95034,24.51337,24.76779,24.33797,25.17524,25.87976,25.31207,24.99137,26.61454,25.14114,29.45577,25.5083,31.13963,35.25882,43.03732,44.89467,47.46024,48.28545,49.56101,56.2949,66.8618,79.27405,97.90338,104.43578,107.08735,111.89544,112,NA
Benin,,3,3,2,3,3,3.5,3.45563,2.65608,3.22352,3.45427,4.07692,4.69432,5.23904,5.79059,6.10184,6.68162,7.18471,7.83667,8.45907,9.21907,11.36612,11.39726,12.12732,14.15814,16.77249,17.56263,20.79449,22.56373,23.73332,31.09104,34.76833,31.09104,31.00609,31,NA
Botswana,,3,3,2,2,2,3.6316,3.5985,4.25731,4.72061,5.71463,6.43324,7.21593,8.40058,8.23,8.23,8.23,8.23,9.27222,9.48767,9.48767,13.96549,11.53437,11.08044,11.08044,13.4876,14.51945,15.19597,15.59025,19.05992,18.37685,19.35723,18.37685,18.32664,18,NA
Burkina Faso,,3,3,3,3,3,2.88756,3.43358,3.5,3.65224,3.2352,3.3943,3.84977,3.86137,4.20004,4.55789,4.55789,4.69519,7.59962,7.15849,7.15849,7.47932,7.58405,7.78482,8.05118,8.15847,8.3254,8.4473,9.47236,13.39786,11.64434,11.89304,11.64434,11.61253,12,NA
Burundi,,0.7,0.8,0.7,0.8,1,1.0443,1.00726,1.04783,1.72639,1.90685,2.0851,2.32545,2.21372,2.46441,2.5957,2.53282,2.56448,2.59479,2.63696,2.63696,2.6365,2.79792,2.83005,2.94397,2.68691,2.63499,2.55655,2.35477,1.32228,1.45997,1.45614,1.45997,1.45598,1.5,NA
Cameroon,,16,16,19,19,19,19.5,22.1212,20.83636,19.95201,24.21027,24.48719,24.67875,24.76878,20.51877,22.74919,23.35195,22.52581,23.50352,23.4059,21.58354,22.73397,22.53761,22.45295,23.49668,23.5227,23.7977,26.12573,29.34945,30.69734,33.43015,36.47936,37.34647,38.69083,38,NA
Cape Verde,,2.1,2.1,0.9,0.9,1.1,1.08939,0.40926,0.44888,0.64899,0.69164,0.73252,0.75296,0.79167,0.79381,0.85882,0.83536,0.88817,0.8906,0.8906,0.8906,1.50432,1.04816,1.12375,1.12375,2.07975,1.80208,1.98396,2.33581,2.40741,2.64622,2.64622,2.64622,2.64622,2.6,NA
Central African Republic,,1,1.3,1.4,1.5,1.4,1.43268,1.69028,1.51622,1.62188,1.5374,1.66792,1.74967,1.78768,1.836,1.94392,1.93861,1.95899,2.00945,2.05107,2.05107,2.19522,2.23992,2.32882,2.32882,2.20123,2.09564,2.20323,2.41773,2.48107,2.31756,2.31756,2.31756,2.31756,2.3,NA
Chad,,2,1.9,1.9,1.9,0.9,1.0548,1.94038,1.7,1.12252,1.14703,2.36959,2.23498,2.24795,1.14557,1.18775,1.18451,1.22145,1.22992,1.22992,1.22992,1.3418,1.36885,1.4123,1.4123,1.31648,1.4511,1.57085,1.83655,1.75351,1.75351,1.75351,1.75351,1.75351,1.7,NA
Comoros,,0.3,0.3,0.3,0.3,0.3,0.25619,0.25627,0.40805,0.42732,0.42849,0.55841,0.53723,0.53577,0.53721,0.55767,0.55615,0.55615,0.55767,0.58104,0.58104,0.64164,0.66677,0.68849,0.68849,0.70907,0.75537,0.7662,0.96677,1.00923,1.00923,0.87707,1.00923,1.00923,1,NA
Congo (Brazzaville),,5,6,5,4,4,5.74855,5.80817,6.5,5.81761,6.5,7.11005,6.2222,5.79179,5.42736,5.27002,5.19067,5.02115,5.00281,5.05145,4.17564,4.40018,5.5859,4.82963,6.04204,6.71131,7.55155,8.22608,9.06468,9.9771,11.67338,16.56969,13.61273,15.15589,15,NA
Congo (Kinshasa),,19.1,20.4,21.4,21.3,19.5,18.90489,20.53716,18.53394,23.33782,21.94511,20.41759,21.51684,24.27043,25.37001,19.96885,20.5547,21.31897,20.92279,19.78598,16.92921,14.15525,9.53329,8.08926,8.13277,11.31749,11.60485,11.26252,12.96953,11.50274,11.4889,16.24479,19.63088,20.61877,20,NA
Cote dIvoire (IvoryCoast),,28,30,28,30,29,30,31.36267,35.19197,36.96768,36.87439,30.39724,24.9994,24.98506,28.42722,29.47651,28.88491,30.36634,27.78342,26.76984,30.16552,32.90027,21.72496,23.14564,22.91255,26.87154,27.68965,27.45031,24.8448,28.32849,26.9848,27.0406,26.52853,26.33627,26,NA
Djibouti,,10,8,8,6,5,5,4.5,4.6,4.5,10.4349,10.54847,10.66956,10.69628,10.8726,11.00951,10.96852,10.96852,11.1323,11.1323,11.1323,11.20582,11.38219,11.40044,11.6506,11.84262,11.70542,11.45673,11.21052,7.96741,8.0696,8.0696,8.0696,8.0696,8,NA
Egypt,,260,300,320,376,406,430,427.569,441.85693,436.89524,442.51438,465.04074,456.48877,443.81619,439.02156,429.97506,448.49259,486.10215,531.42819,544.87693,553.87036,538.80492,544.66808,564.70081,561.10781,603.91593,657.55482,688.85277,714.8844,707.77118,712.18966,705.78157,709.72895,742.64709,752,NA
Equatorial Guinea,,0.4,0.4,0.5,0.5,0.5,0.5745,0.5746,0.55216,0.55066,0.79375,0.81493,0.85581,0.8127,0.87622,0.87625,0.87385,0.89423,0.96167,0.96167,0.96167,1.53156,1.14877,1.14877,1.19332,1.02626,1.06995,1.11449,1.7286,5.19704,3.11923,4.61123,4.91249,4.91249,4.9,NA
Eritrea,,--,--,--,--,--,--,--,--,--,--,--,--,--,--,6.5237,7.18958,7.32355,7.35129,7.89775,6.52973,4.16475,4.92858,4.58934,5.18296,4.86967,4.87249,4.86392,4.52233,2.73345,3.33025,4.61123,3.30153,3.50008,3.5,NA
Ethiopia,,12,12,13,15,15,17.99711,17.08847,19.44367,18.6886,19.77073,19.72579,16.432,23.48618,21.89368,13.98345,15.4468,11.55697,11.58863,17.144,21.25258,22.72645,23.30833,25.63893,27.55088,28.59179,29.81233,33.71227,37.32893,46.99458,45.59529,42.32852,48.50671,52.42542,51,NA
Gabon,,11,12,11,14,12,10.8398,9.82876,10.4,11.74972,15.62392,15.31837,15.508,16.09183,15.08136,15.25442,14.10477,15.03578,16.08946,15.28811,13.18873,12.14297,12.52712,11.93556,12.58462,12.72441,12.66823,13.89145,16.04718,17.74632,19.04859,18.05629,17.79957,17.91404,18,NA
"Gambia, The",,1.1,1.1,1.1,1.1,1.2,1.19077,1.10981,1.27847,1.31866,1.30184,1.32753,1.38652,1.38273,1.47192,1.62529,1.51575,1.51161,1.51575,1.60411,1.60411,1.78975,1.91729,1.96696,1.99033,2.0082,2.08162,2.22466,2.76578,2.8709,3.11753,3.39282,3.11753,3.11753,3.1,NA
Ghana,,16,14,16,14,16,13.7143,15.9003,18.12331,21.299,23.66104,20.00418,20.13175,22.44108,23.42662,25.80755,26.65955,27.17768,26.02162,26.7867,31.36488,36.96133,36.26958,38.64913,41.5376,45.29787,45.95419,46.97457,47.66395,44.3743,53.87233,64.72961,68.74111,78.00788,75,NA
Guinea,,5.6,5.5,5.6,5.7,5.7,5.33616,6.63241,6.94927,7.11793,6.87094,9.29811,7.19593,7.41068,7.62455,7.84386,7.76926,7.84063,7.86211,7.90693,7.90693,8.21238,8.30436,8.36203,8.4029,8.48115,8.74384,8.67433,8.55882,8.96998,9.08902,9.08902,9.08902,9.08902,9,NA
Guinea-Bissau,,0.6,0.6,0.6,0.6,0.82,0.884,0.69879,1.25581,1.40025,1.46907,1.84058,1.87707,1.89014,2.02475,2.06477,2.04523,2.06161,2.06726,2.06726,2.06726,2.2973,2.32403,2.40518,2.46942,2.46268,2.56022,2.54501,2.62819,2.57767,2.66142,2.66142,2.66142,2.66142,2.7,NA
Kenya,,40.9,39,39,37,36,37,39.198,34.52394,38.2657,41.78396,41.98009,36.7409,40.57513,41.87395,43.79195,46.22779,48.22062,44.01921,51.33342,52.24482,56.80086,51.92744,51.17241,54.20291,59.17774,65.8089,73.154,73.05641,67.8197,75.64327,79.84501,87.19462,84.74637,84,NA
Lesotho,,1,1,1,1,1,1.07685,1.07685,1.07685,0.74913,1.07685,1.07685,1.07685,1.0958,1.1,1.19,1.19,1.19,1.19,1.2,1.2,1.4,1.4,1.4,1.4,1.4,1.5,1.5529,1.69,1.813,1.5529,3.71107,1.5529,1.5529,1.6,NA
Liberia,,13,12,12,12,11,11.06898,8.26107,6.12862,7.93061,6.31268,3.78175,2.24838,2.28077,2.52246,2.52249,2.52249,2.61899,2.6466,2.74008,2.74008,2.93596,3.0951,3.35734,3.45674,3.50918,3.54904,4.14072,4.52901,4.04057,3.75019,3.64909,3.75019,3.75019,3.75,NA
Libya,,100,115,124,125,120,128.28001,124.69032,134.2292,142.00808,146.9968,155,165.97071,149.71659,160.07477,165.64322,178.51164,186.831,198.90599,187.20728,191.56094,210.28254,225.1721,246.34913,260.08873,254.51024,264.92641,267.90918,254.46163,268.08315,287.23512,331.23391,182.16909,238.01255,242,NA
Madagascar,,8,7,6,8,8,8.57834,5.69914,8.27994,9.06591,6.5092,6.2791,6.52348,6.99265,7.27996,8.08821,8.39465,8.41488,8.50382,8.55347,8.55347,12.13131,13.32438,15.31081,15.84255,17.39493,16.73267,16.57493,16.49548,13.67605,12.11832,12.25483,12.11832,12.11832,12,NA
Malawi,,3,3.5,2.9,2.4,2,2.69097,2.53559,2.62439,3,3.37096,3.52082,4.51356,5,4.26855,4.68151,4.90134,4.97735,4.99099,5.03315,5.03315,5.25691,5.34923,5.41184,5.43301,6.26331,6.78595,6.96022,7.18778,7.20941,6.05932,6.05932,6.05932,6.05932,6,NA
Mali,,3,4,3,3,3,3.28756,2.49079,2.9,1.56899,3.22792,3.20762,3.31812,3.37057,3.48639,3.55488,3.55268,3.62525,3.69649,3.74159,3.74159,3.8406,3.85112,4.20151,4.24093,4.36929,4.8597,4.40244,4.5074,4.56762,4.69814,4.69814,4.69814,4.69814,4.7,NA
Mauritania,,4.2,4,4,4,6,6,3.43056,4.69462,6.148,7.17035,6.2491,6.60108,21.9494,22.58218,22.51224,22.81394,22.95494,23.14885,23.25315,23.25315,23.76278,23.73696,22.74501,23.29956,19.95896,23.51874,20.61433,18.70425,12.88159,12.80502,12.80502,12.80502,12.80502,12.8,NA
Mauritius,,6,5.4,5.2,5.7,5.7,5.8,7.17112,6.2,9.14598,10.34509,11.91436,12.10948,14.44216,14.51286,14.65258,15.61797,15.95363,16.2031,16.34784,16.34784,19.87986,21.74671,19.78818,20.54994,21.37783,21.8909,22.20038,23.02085,22.76545,20.62429,23.35507,25.05063,24.93507,24,NA
Morocco,,89,85,88,89,85,90,93.84131,92.03607,99.03083,111.33239,116.5654,117.38641,130.13372,134.75857,147.53814,141.62821,137.44928,146.1234,144.20462,157.9638,158.4797,161.22382,164.28099,167.06915,170.29291,174.13843,180.78644,183.18371,215.68674,235.25636,268.40991,281.72984,290.90256,293,NA
Mozambique,,13,11,13,13,12,13.19065,6.62222,6.81112,9.837,8.02945,7.0335,6.93086,6.85183,6.80488,6.47384,7.12112,7.04473,7.29729,7.63104,7.89537,7.81249,9.36707,10.64647,11.18921,13.32437,13.37901,13.58921,14.35236,13.22038,15.02153,16.10047,18.12233,17.56129,17,NA
Namibia,,--,--,--,--,--,--,--,--,--,--,15,6.89756,7.02822,8.66674,8.37385,8.37385,8.82717,9.37385,10.07385,11.86151,12.63063,15.05071,15.41704,16.63564,17.57861,17.74545,19.11729,20.11353,20.38584,21.98934,20.81362,21.98934,21.98934,22,NA
Niger,,4,4,4,3,3,3,2.5,2.4,4.16574,4.23847,4.39525,4.4419,4.56328,4.65313,4.77636,4.76085,4.76822,4.78129,4.78129,4.78129,4.97757,5.06858,5.29926,5.40477,5.41167,5.42521,5.36732,5.4431,3.32973,5.13559,5.13021,5.13559,5.13559,5,NA
Nigeria,,170,200,215,202,210,222,208.3,218,234.10004,243.986,251,258.65676,264.71992,270.79593,251.97162,284.03597,286.05254,277.25129,260.10138,251.96727,245.56514,305.68901,303.94651,288.47458,277.07379,311.62722,284.46655,232.21645,263.00204,252.9097,283.07645,287.41647,279.19076,280,NA
Reunion,,4.3,4.3,4.7,5.4,6,5.90548,5.82637,6.39497,7.50641,7.96205,8.62927,9.91191,10.38393,13.13531,13.37304,13.2609,13.26544,13.36742,17.01044,17.01044,17.72478,18.53471,18.49175,18.49962,18.81831,19.20378,19.43551,19.73893,19.89942,20.51167,20.51167,20.51167,20.51167,20,NA
Rwanda,,1.1,2.5,2.4,2.7,4.429,4.5,4.4666,4.53726,4.58016,4.70688,4.87301,4.938,5.0718,4.61186,4.69679,4.77419,4.76115,4.84203,4.92288,4.92288,5.18773,5.24192,5.26529,5.32734,5.16481,5.49677,5.62323,5.12532,5.09842,5.30188,5.27597,5.30188,5.30188,5.3,NA
Saint Helena,,0.02173,0.02,0.02,0.02,0.02,0.02044,0.02044,0.04216,0.04205,0.04216,0.04216,0.02044,0.02038,0.04381,0.04381,0.04381,0.04369,0.04381,0.04381,0.04381,0.15511,0.08542,0.08542,0.08542,0.06407,0.08542,0.07973,0.08468,0.06587,0.06312,0.06312,0.06312,0.06312,0.06,NA
Sao Tome and Principe,,0.23,0.23,0.23,0.23,0.23,0.23986,0.24022,0.24022,0.23956,0.24022,0.46504,0.48942,0.50847,0.50986,0.5303,0.5303,0.52885,0.5303,0.5303,0.5303,0.61404,0.61573,0.63616,0.63616,0.63443,0.65953,0.72553,0.70519,0.77344,0.83025,0.90564,0.90564,0.90564,0.9,NA
Senegal,,17.4,16.8,17.3,16.4,19.5,19.2,19.63096,19.22212,16.32415,17.00587,16.90138,15.65673,19.09119,19.44761,23.47665,25.25679,25.19415,23.49622,25.17136,27.77527,29.55074,29.444,30.05438,30.32227,33.84846,36.18445,37.15448,38.52898,39.02732,36.28887,38.72749,39.07598,38.63321,38,NA
Seychelles,,1.5,1.2,1.1,1.9,2,2.07297,2.05114,2.18321,3.05257,3.23171,2.96932,3.19529,3.29664,3.38871,3.42959,3.45334,3.44391,3.70063,3.70063,3.70063,3.8365,3.95178,5.72485,5.54297,5.79992,5.7191,7.65343,6.35866,6.90431,7.45728,6.80455,6.80455,6.80455,6.8,NA
Sierra Leone,,5,5,5.4,5,5,5.5,5.86469,6.24884,6.97559,6.82269,6.88024,7.21101,5.27564,5.33356,5.35635,5.6628,5.64733,5.78338,5.80768,5.80768,6.14855,3.57573,3.57959,4.03397,4.14365,3.35435,4.62514,3.99074,3.77714,4.14909,4.42809,4.42809,4.42809,4.4,NA
Somalia,,7.9,9.2,9.1,8.9,9.2,9.0759,9.62929,7.18113,7.26647,7.39572,6.75212,4.03062,3.73614,3.8612,3.8612,3.8612,3.8612,3.8612,3.8612,3.8612,4.92942,5.07034,6.45182,6.45182,6.43783,6.50472,6.54453,5.59118,5.57443,5.39948,5.55636,5.55636,5.55636,5.6,NA
South Africa,,312,324,349,338,360,350,349.96,344.522,342.29713,348.193,375,402.50884,411.62242,402.11992,409.55975,421.07319,427.72512,438.69584,450.77405,465.66581,457.92609,458.2411,475.44208,490.2106,503.91002,536.62699,550.62859,569.27913,589.36441,547.63811,584.03632,616.18762,638.35042,612,NA
Sudan and South Sudan,,22.4,23,25,24,22,24.70141,27.93915,27.19116,29.59392,28.02525,25.43208,36.15284,33.30315,31.73752,27.66561,26.49732,26.33707,27.15735,27.36258,29.52962,43.10575,55.98863,58.29697,65.42314,71.21046,76.59927,87.42005,100.31509,106.97782,101.30166,114.82433,110.51893,106.98879,107,NA
Swaziland,,2,2,2,2,2,2.25,1.97908,2.24335,2.41926,2.47394,2.54201,2.80537,2.753,3.32012,3.47714,3.47714,3.46764,3.47714,3.47714,3.47714,3.53,3.53,3.53,3.53,3.53,3.53,3.93067,4.75519,4.88419,4.76122,4.7846,4.7846,4.7846,4.8,NA
Tanzania,,13.4,15.7,15.2,13.4,14.9,14.9,18.05113,15.93191,16.99728,16.47998,18.10042,14.96808,16.47604,17.12248,15.44537,15.0074,15.05599,15.25102,15.37506,16.10095,16.16798,18.94756,21.72647,23.21052,24.80221,26.75644,28.06586,30.25822,32.67786,34.44025,32.30414,33.8291,34.85452,35,NA
Togo,,4.1,3.8,3.7,4,4.7,4.4,3.6,3.54138,3.685,4.25898,4.19341,6.7352,4.79913,3.62132,4.14699,4.12852,4.16385,4.34466,4.34466,6.81329,9.46634,6.8174,8.80192,14.19951,15.12858,14.93321,15.56882,16.73826,8.82499,9.21844,15.84592,14.16948,12.84937,13,NA
Tunisia,,52,57,51.5,58.9,57,55,61.32291,52.25035,60.49517,63.62565,63.19483,68.1709,71.22201,73.67632,74.77365,70.01707,73.28674,78.17996,80.66064,79.28754,84.54766,87.22116,87.86296,87.65918,89.39993,89.93405,88.32429,88.43608,91.69036,87.12702,87.65187,81.55688,85.2562,86,NA
Uganda,,5,3.2,3.8,3.7,3.8,4.1,4.49559,3.85326,5.87615,5.41238,5.78715,6.44973,6.5876,6.84421,7.01548,7.01447,6.96779,7.1866,8.28973,8.28973,8.5609,9.52222,9.92975,10.6866,10.87421,11.38992,12.87863,13.90022,23.9497,22.16103,22.98877,22.16103,22.16103,22,NA
Western Sahara,,1.1,1.1,1.23,1.19,1.23,1.26464,1.26458,1.30162,1.31626,1.31986,1.37899,1.37899,1.39342,1.3541,1.35414,1.45636,1.45238,1.45636,1.45636,1.45636,1.67716,1.70219,1.70219,1.70219,1.69754,1.92466,1.70219,1.80197,1.70219,1.70219,1.70219,1.70219,1.70219,1.7,NA
Zambia,,15.6,14.2,13.8,13.8,12.7,11.9,11.88639,12.60168,13.67367,13.37573,13.44528,11.42681,13.00364,10.84885,10.71007,10.90648,11.09351,11.16718,11.75166,11.16421,10.74075,11.76068,12.18905,12.7373,13.27364,14.0741,14.54259,14.80088,11.86118,12.96497,13.32629,15.79593,19.30292,18,NA
Zimbabwe,,12.8,14.7,12,15,15,15.3,16.14,17.48463,17,19.48989,21.13625,23.38677,20.906,22.35307,22.9297,24.71984,28.2023,30.42038,30.97874,30.99918,25.34623,23.45882,22.3206,20.40756,13.37478,15.8046,13.83373,13.27142,12.65074,12.49786,13.00047,14.08748,14.72715,14,NA
Asia & Oceania,,10728.8417,10665.52236,10419.07425,10348.89934,10778.94497,10730.82976,11086.30963,11492.00326,12349.74094,13140.61034,13795.8657,14412.9942,15194.35406,16033.75186,17051.11367,17981.36075,18809.25912,19589.41303,19337.88569,20280.62566,20871.9064,21141.84599,21586.95228,22432.81298,23720.03123,24257.32411,24848.72043,25474.55558,25317.1701,25727.25645,27489.04512,28405.82124,29761.93955,30123.7125,NA
Afghanistan,,7,8,7.8,10.6,10.7,12.9,13.60389,13.95342,13.18872,13.42729,13.70923,12.76888,7.21022,6.97195,6.66753,6.36422,5.99609,5.61995,5.33452,3.8566,3.88125,2.65463,2.0242,3.45855,4.33109,6.5294,8.32282,9.10041,20.81557,36.25321,42.7609,42.7609,42.64407,43,NA
American Samoa,,2.8,3.29,4.56,2.89,3.3,3.10685,3.19559,3.25764,3.20798,3.69737,3.85216,3.85216,3.94355,3.93263,3.83044,3.77003,3.82216,3.83263,3.83263,3.83263,3.7441,3.75436,3.81732,3.81732,3.80689,4.0657,4.14,4.14,4.14,4.14,4.14,2.34565,2.34565,2.3749,NA
Australia,,594,584,616,594,635,639,644,661,694,723,738,721,730,761,788,811,831,848,852,875,872.4473,871.537,892.9044,926.3619,943.0754,964.0238,972.0699,987.7175,994.8418,987.3589,1012.5025,1056.386,1074,1079.849,1079.2588
Bangladesh,,31.7,33,34.4,30,31,32.19162,34.20126,33.77267,35.59238,38.15483,35.99839,37.80123,37.31391,40.41954,45.93831,50.96037,52.13417,56.25735,58.43692,67.33239,68.79917,81.2547,82.77266,83.86589,84.63662,86.76301,90.77417,90.75742,94.07282,100.72684,82.27979,103.65356,106.92603,109,NA
Bhutan,,0.02,0.17,0.21,0.19,0.18,0.2331,0.23296,0.26874,0.26801,0.26874,0.62504,0.62504,0.64372,0.64546,0.74225,0.85945,0.93249,0.91362,0.962,0.962,0.97975,1.04742,1.0883,1.12992,1.13814,1.15184,1.16811,1.54893,1.59003,1.99597,1.99819,1.99597,1.99052,2,NA
Brunei,,4.8,5,4,5,5.6,6.4,5.49453,6.1933,6.28658,6.83819,7.39199,7.74062,8.44478,9.22332,10.57995,10.86497,12.63014,13.36443,12.86334,12.49918,12.64709,12.76219,12.66987,12.93968,13.45353,14.02728,14.09169,15.10791,16.74228,16.54778,16.84793,18.2164,17.55276,18,NA
Burma (Myanmar),,23,23,24,23,24,22,17.27615,16.39148,16.65956,16.64686,15.2382,15.66,16.44262,16.53393,18.92396,18.36279,19.74961,25.35276,29.95408,36.47548,36.74748,33.65115,34.52114,35.96662,40.29008,42.99365,40.01023,39.77258,29.15551,26.51126,26.69494,25.32402,25.00396,25,NA
Cambodia,,1.90258,2.00477,2.24863,2.45671,2.75025,2.78893,2.90578,2.9262,3.033,3.03356,3.03356,3.11679,3.2,3.2,3.28326,10.2798,11.356,13.29512,15.983,16.412,17.45619,20.47167,21.9406,23.73658,26.46307,28.01786,30.9749,33.20205,34.33825,32.29795,26.25466,29.02241,28.88597,28,NA
China,,1765,1705,1660,1730,1740,1885,2000,2120.03882,2274.999,2379.52,2296.4,2498.8,2661.60117,2959.49085,3160.60545,3363.15528,3610.08515,3916.26994,4105.83456,4363.6011,4795.71476,4917.88185,5160.71446,5578.11051,6437.48377,6795.44375,7263.32828,7479.92051,7697.13247,8069.82131,8938.35722,9504.04828,10175.13744,10480,NA
Cook Islands,,0.2,0.4,0.4,0.4,0.4,0.4,0.36619,0.36619,0.36519,0.32274,0.32274,0.273,0.32186,0.32272,0.32274,0.32186,0.32186,0.32274,0.32274,0.32274,0.38721,0.38827,0.38827,0.38827,0.42926,0.47553,0.49496,0.4643,0.48474,0.48474,0.48474,0.48474,0.48474,0.5,NA
Fiji,,7.09912,7.33759,7.17562,5.92263,5.35573,5.46693,6.619,5.262,5.4,6.3984,6.913,5.646,5.79,6.06856,6.36,6.885,7.11,7.109,6.92,7.68175,9.32773,10.10764,12.19523,15.71815,17.1846,17.00136,17.88718,16.9969,14.36731,9.4373,9.21315,9.4373,9.4373,9.4,NA
French Polynesia,,1.52,2.25,3,4,6,5.22745,6.57244,6.63636,6.58627,6.55502,6.25622,6.14767,5.97197,5.86747,4.71364,4.86608,4.85279,4.86608,4.86608,4.86608,4.57628,4.58882,4.82458,5.73433,5.67751,6.27107,6.70126,6.61132,7.2463,6.99396,7.19047,6.99396,6.99396,7,NA
Guam,,25,35,27,26,9,4.56438,7.82466,5.32329,5.54098,5.44384,12.55342,14.24932,17.06284,22.68995,32.06849,24.3126,21.61475,24.69803,20.16438,20.90054,22.24944,31.12506,21.657,18.15017,20.83671,25.17399,26.11624,18.74422,11.66624,18.72282,16.818,14.577,15.61971,13.472,12.50801
Hawaiian Trade Zone,,45,52,48,45,54,52.05205,30.83836,--,--,--,--,--,--,--,--,--,--,--,--,--,--,--,--,--,--,--,--,--,--,--,--,--,--,--,--
Hong Kong,,124,128,125,119,114.5,110,113.27919,115.5981,120.99113,123.933,127.386,133.5,152.07593,157.51009,179.80086,186.12329,182.68287,185.12725,191.54202,264.0338,244.9176,245.38485,272.63485,276.58474,319.02483,331.30041,318.48151,349.54435,315.06961,384.24181,430.66627,384.10895,354.37143,360,NA
India,,643,729,737,773,824,894.90387,947.4376,987.84983,1083.78274,1149.78088,1168.33391,1190.31862,1274.90676,1351.07006,1433.27447,1654.67255,1740.91881,1835.49128,1924.37257,2031.25029,2147.43846,2263.73028,2333.43936,2426.32825,2571.55066,2550.2504,2701.62995,2888.05545,2957.3018,3067.78093,3305.44964,3460.98304,3617.8517,3660,NA
Indonesia,,408,455,479,470,470,465,469.94619,493.35276,523.853,582.99999,651.05763,694.61738,706.92326,764.89705,777.51631,807.30698,858.50007,942.2718,905.60359,963.73058,1036.70413,1077.00463,1125.64997,1142.67293,1232.57245,1279.14978,1246.76477,1268.29932,1308.84385,1341.34219,1487.1926,1575.09299,1697.704,1718,NA
Japan,,4960,4848,4582,4395,4666,4436,4503,4567,4849,5058,5293,5357,5446,5364,5622,5659,5704,5667,5472,5606,5480.1404,5379.6427,5286.9088,5397.2849,5288.0158,5298.1384,5168.2586,5009.2164,4769.5883,4362.7529,4429.2285,4438.9351,4697.3306,4556.8082,4350.4871
Kiribati,,0.16,0.19,0.19,0.19,0.14,0.14,0.12685,0.14729,0.14689,0.14729,0.14729,0.177,0.14689,0.14727,0.14729,0.14729,0.14689,0.14729,0.14729,0.14729,0.16727,0.16773,0.21696,0.21696,0.21637,0.25912,0.26077,0.28414,0.26077,0.42036,0.42024,0.42036,0.42036,0.4,NA
"Korea, North",,48,51,52,57,60,64.46161,67.90655,68.57573,64.69992,63.91789,73.21054,76.47574,73.96772,71.65728,69.64877,63.15402,47.84363,40.40721,35.00317,29.99314,25.3785,22.51002,24.52539,24.52102,24.02019,18.61871,14.24945,16.68271,17.10027,13.33855,16.95118,17.39393,17.39393,17,NA
"Korea, South",,537,536,534,561,554,552,592,627,746,860,1048,1263,1527,1684,1840,2008,2101,2255,1917,2084,2135.3254,2132.0452,2149.1507,2175.3803,2155.1268,2191.3381,2179.9148,2240.4805,2142.3183,2188.4868,2268.5181,2259.3827,2321.6216,2328.3025,2340.0014
Laos,,3,1.2,1.1,1.2,1.1,1.23331,1.52085,1.54003,1.53582,1.70115,1.70115,1.86227,2.01787,2.02335,2.18452,2.29953,2.45393,2.57567,2.73679,2.73679,2.72932,2.73679,2.85181,2.93852,2.89773,3.03595,3.08033,3.13364,3.18357,3.15988,3.15988,3.15988,3.15988,3.2,NA
Macau,,3.22,3.1,3.27,4.61,5,4.10099,5.67263,6.31142,6.27672,6.72784,6.78803,6.8257,7.03112,7.77688,8.28715,8.11173,9.4174,9.68134,10.45468,11.05468,10.11658,10.72567,11.72559,12.26068,15.03035,12.86071,15.07559,14.07773,12.34122,12.31775,9.73266,10.67698,11.17054,10.684,NA
Malaysia,,160,165,180,192,194,194,192.27071,197.29704,202.4988,220.0663,265.97725,281.5304,301.52186,335.94522,377.50571,399.15577,435.2559,469.34253,449.2277,454.31852,465.02397,475.10421,462.74771,479.85719,508.03827,521.84874,534.41372,574.162,567.504,610.515,630.51243,674.50475,670.33315,680,NA
Maldives,,0.1,0.1,0.1,0.1,0.389,0.432,0.54299,0.54299,0.58355,0.58515,0.64849,0.64849,0.66839,0.81272,1.69592,2.36521,2.32186,2.04321,2.20671,2.20671,3.13604,3.37441,6.18699,6.96359,4.87287,3.89359,5.40625,6.088,6.23693,6.94142,6.94007,6.94142,6.94142,6.9,NA
Mongolia,,12,12,14,14,15,16.44643,16.54863,16.82748,17.2791,16.71627,15.80488,14.68814,13.28306,12.82274,13.10041,11.47726,11.86402,7.98658,8.48701,8.66175,8.49533,9.86241,10.67178,10.34825,12.27549,12.63121,13.88156,15.37562,18.16395,16.52548,17.35553,21.58559,24.59904,24,NA
Nauru,,0.86,0.87,0.87,0.87,0.9,0.89453,0.89405,0.89405,0.89161,0.89405,0.93055,0.93055,0.9462,0.94878,0.94879,0.96704,0.9644,0.96704,0.96704,0.96704,0.96495,0.96759,1.00756,1.00756,1.02301,1.04918,1.02581,1.04405,1.04405,1.07541,1.07541,1.07541,1.07541,1,NA
Nepal,,2,2,3,3,3,2.47622,3.74096,4.07232,3.96445,4.115,3.99905,5.16855,5.78176,5.99315,6.83482,7.25827,9.05126,11.09447,14.32797,15.39784,14.90361,15.25786,15.50816,15.67241,16.15372,16.71896,16.9189,16.70052,17.24668,19.98597,21.93959,19.98597,19.98597,20,NA
New Caledonia,,10,10,7,6,7,6.30323,6.84123,7.19875,6.72373,7.4124,7.57592,8.21543,8.63478,8.6584,8.41827,8.41827,8.60096,8.62452,8.68493,8.68493,8.58825,8.61178,10.01521,10.01521,11.37213,11.42321,13.78266,13.93797,13.81614,14.54929,14.54925,14.54929,14.54929,14.5,NA
New Zealand,,91,85,82,82,85,82,83,90,94,99,107,104,109,110,120,125,125,129,129,131,133.8355,134.8745,140.7132,145.5288,150.268,152.7526,154.3145,155.7304,157.5516,151.4696,152.7696,152.6929,151.7634,154.5019,156.794
Niue,,0.02,0.02,0.02,0.02,0.02,0.02044,0.02044,0.02044,0.02038,0.02044,0.02044,0.02044,0.02038,0.02043,0.02044,0.02044,0.02038,0.02044,0.02044,0.02044,0.02038,0.02044,0.02044,0.02044,0.02038,0.02657,0.03066,0.0327,0.02257,0.02257,0.02257,0.02257,0.02257,0.02,NA
Pakistan,,104,113,134,137,140,159.6715,165.74849,180.4252,194.20137,205.63467,220.05066,221.0589,227.21022,256.4202,282.17024,298.09375,326.9029,333.03628,346.83517,368.56901,365.01437,360.12451,355.89488,336.59883,326.84615,336.18628,357.0768,382.25948,389.75161,390.93525,415.92073,413.31715,424.53733,434,NA
Papua New Guinea,,12,12,12,12,13.6,14.35289,14.48795,16.0743,15.0056,15.38016,15.60321,15.46948,15.35929,15.34148,14.9971,15.18451,15.14302,15.45061,14.82905,14.82905,14.94098,14.98192,22.03548,25.17555,25.01649,25.07973,26.52887,26.43784,19.74231,19.72797,19.90396,19.72797,19.72797,20,NA
Philippines,,225,212,209,195,167,152,158.74811,188.45407,195.60302,229.39605,235.78947,235.33885,259.62568,284.53914,302.579,328.4236,346.13934,364.84606,381.36059,369.66546,352.76879,346.85363,337.75398,332.60964,337.22418,311.67,285.24,300.482,286.691,300.475,309.24587,300.55978,310.13404,314,NA
Samoa,,0.67,0.72,0.78,0.78,1,0.80167,0.80244,0.80244,0.80025,0.84551,0.88712,0.88712,0.90508,0.90756,0.86668,0.93093,0.92839,0.93093,0.93093,0.93093,0.96989,0.97255,1.01636,1.01636,1.06019,1.12808,1.10471,1.12515,1.12208,1.14852,1.15013,1.15013,1.15013,1.1,NA
Singapore,,202,214,222,220,235,227,257.33,285.0584,304.115,329.209,363.00037,388.68061,420.28432,469.18961,502.53171,512.20856,586.33355,629.88319,650.22845,673.47888,717.14368,743.87435,744.83818,742.94634,808.80804,868.94809,962.79798,1011.56255,1003.28475,1024.19839,1149.36858,1216.00545,1224.47121,1240,NA
Solomon Islands,,0.7,1,0.9,1,1,0.8763,0.87674,1.013,1.12462,1.16564,1.18608,1.18608,1.16246,1.14521,1.12477,1.16564,1.16246,1.16564,1.16564,1.16564,1.20615,1.20945,1.25326,1.25326,1.29645,1.42556,1.32337,1.48542,1.42896,1.46274,1.4911,1.4911,1.4911,1.5,NA
Sri Lanka,,34,34,35,36,39,32.81863,31.33284,36.15828,33.97618,31.29192,34.51508,34.26608,36.52674,41.44103,44.65763,47.8789,53.22464,60.10422,61.19647,66.01177,74.60048,73.3791,76.40786,78.26835,80.99088,87.11212,84.38531,88.49807,83.80722,81.29214,89.14082,100.20254,108.17499,108,NA
Taiwan,,380,340,330,337,384,378,405.26,419.81756,482.626,521.31418,541.51044,545.25823,557.1018,616.43256,658.66356,736.90094,780.35438,774.99557,807.79512,852.63565,865.3021,881.72385,893.73787,929.9011,948.02225,939.4891,959.90644,1034.38459,978.00042,971.13022,1020.3802,944.0389,934.94784,975.4,NA
Thailand,,224,214.4,199,214,233,224.8347,234.37543,258.99316,283.375,348.58705,406.5068,436.54372,475.53223,544.50936,603.16817,678.67576,749.40733,781.23043,736.54742,734.26449,724.94033,754.45,843.06,919.78,1009.28,1007.58,1030.26,1031.66,1002.238,1058.557,1073.9524,1109.71543,1152.32344,1171,NA
Timor-Leste (East Timor),,--,--,--,--,--,--,--,--,--,--,--,--,--,--,--,--,--,--,--,--,--,--,--,1.10379,1.20016,1.20016,1.2206,2.20458,1.30822,1.26441,1.26441,1.26441,1.26441,1.3,NA
Tonga,,0.21,0.31,0.29,0.31,0.31,0.3232,0.3229,0.47441,0.5626,0.6063,0.6063,0.695,0.69519,0.72044,0.81523,0.81597,0.90112,0.92551,0.89701,0.89701,0.91787,0.87811,0.77959,0.77959,0.84227,1.03482,1.1732,1.20222,1.20222,1.20222,1.20222,1.20222,1.20222,1.2,NA
U.S. Pacific Islands,,1.06,1.06,1.06,1.06,1,0.91126,0.91107,0.91107,1.23637,1.90112,1.96537,1.96537,1.98331,1.94784,1.94786,2.00918,2.04738,2.01211,2.01211,2.01211,2.00825,2.01375,2.01375,2.01375,2.00825,2.01375,2.06,2.1,2.39,2.06,2.41,2.06,2.06,2,NA
Vanuatu,,0.8,0.7,0.7,0.7,0.7,0.76128,0.76164,0.71997,0.85855,0.76967,0.80616,0.673,0.43921,0.44038,0.44041,0.44041,0.43921,0.44041,0.44041,0.44041,0.56443,0.56597,0.60978,0.60978,0.6285,0.6711,0.65359,0.76112,0.67639,0.83765,0.84846,1.01532,1.01532,1,NA
Vietnam,,24,26.4,26,26.6,27,27.88273,28.61781,34.62849,40.12034,46.4,52.99625,55.74507,60.98333,77.37092,84.97534,94.30671,115.76418,128.77309,135.45441,158.84222,175.70699,178.5697,192.90208,214.6203,256.39,267.46,262.12,303.863,302.264,357.447,411.66423,428.01283,452.82317,471,NA
Wake Island,,9,9,9,9,9,8.85166,8.85455,8.85455,8.76055,8.78455,8.56729,8.56729,8.6726,8.69634,8.75622,8.84578,8.86366,8.93671,8.93671,8.93671,8.97866,9.00326,9.15671,9.15671,9.13169,9.09145,9.3,9.6,9.076,9.3,9.076,9.3,9.3,9.3,NA
World,,63122.17939,60953.06888,59550.74315,58784.72593,59795.09853,60082.95592,61819.36537,63106.83525,64978.48889,66089.66263,66540.61468,67185.64383,67395.50264,67618.89645,69006.03552,70258.20704,71880.46444,73596.67699,74273.86024,75975.18502,76927.59284,77732.0595,78456.77793,80088.8614,83062.87697,84588.27575,85592.32895,86788.24373,86081.69392,85020.98645,88216.42141,89127.11036,90391.81795,91253.20713,NA